Time (s),SMU 1 V,SMU 1 I,SMU 1 R,SMU 2 V,SMU 2 I,SMU 2 R
0.000000,-5.62668e-05,7.39098e-11,-761290,0.0999594,5.9731e-08,1.67349e+06
0.110045,-5.54323e-05,8.46386e-11,-654930,0.0999614,5.9427e-08,1.68209e+06
0.220090,-5.32627e-05,7.7486e-11,-687385,0.0999612,5.93388e-08,1.68458e+06
0.330135,-5.2166e-05,8.82149e-11,-591351,0.0999598,5.92232e-08,1.68785e+06
0.440180,-5.03063e-05,7.39098e-11,-680645,0.09996,5.89764e-08,1.69492e+06
0.550225,-5.47886e-05,8.22544e-11,-666087,0.0999603,5.9005e-08,1.6941e+06
0.660271,-5.49555e-05,7.62939e-11,-720313,0.0999605,5.89049e-08,1.69698e+06
0.770317,-5.4884e-05,8.70228e-11,-630685,0.0999625,5.88238e-08,1.69935e+06
0.880363,-5.4884e-05,8.22544e-11,-667246,0.0999615,5.88727e-08,1.69793e+06
0.990409,-5.66721e-05,8.82149e-11,-642432,0.0999622,5.87928e-08,1.70025e+06
1.100454,-5.38111e-05,8.10623e-11,-663824,0.0999655,5.86915e-08,1.70324e+06
1.210499,-4.83036e-05,9.05991e-11,-533158,0.0999667,5.87189e-08,1.70246e+06
1.320544,-4.80652e-05,8.10623e-11,-592941,0.0999662,5.87654e-08,1.70111e+06
1.430590,-5.10454e-05,8.46386e-11,-603099,0.0999649,5.86104e-08,1.70558e+06
1.540636,-5.15461e-05,7.86781e-11,-655152,0.0999627,5.86057e-08,1.70568e+06
1.650682,-5.03302e-05,7.98702e-11,-630149,0.0999624,5.85079e-08,1.70853e+06
1.760728,-5.03063e-05,7.86781e-11,-639394,0.0999614,5.85008e-08,1.70872e+06
1.870774,-5.05924e-05,8.58307e-11,-589444,0.0999613,5.85937e-08,1.70601e+06
1.980819,-4.96864e-05,8.58307e-11,-578889,0.0999609,5.84483e-08,1.71024e+06
2.090864,-4.82798e-05,9.65595e-11,-500000,0.0999592,5.84209e-08,1.71102e+06
2.200910,-4.94957e-05,9.05991e-11,-546316,0.0999567,5.83982e-08,1.71164e+06
2.310955,-5.01871e-05,9.17912e-11,-546753,0.0999584,5.83768e-08,1.7123e+06
2.421000,-4.9305e-05,8.82149e-11,-558919,0.0999567,5.84579e-08,1.70989e+06
2.531045,-5.03063e-05,8.82149e-11,-570270,0.0999559,5.84638e-08,1.70971e+06
2.641091,-4.84228e-05,8.34465e-11,-580286,0.0999548,5.84435e-08,1.71028e+06
2.751137,-5.25713e-05,8.46386e-11,-621127,0.0999548,5.831e-08,1.7142e+06
2.861183,-5.37157e-05,8.46386e-11,-634648,0.0999566,5.83374e-08,1.71342e+06
2.971229,-5.22375e-05,8.34465e-11,-626000,0.0999529,5.83136e-08,1.71406e+06
3.081275,-5.29289e-05,8.10623e-11,-652941,0.0999556,5.83088e-08,1.71424e+06
3.191320,-5.5027e-05,7.27177e-11,-756721,0.0999569,5.82695e-08,1.71542e+06
3.301365,-5.73874e-05,8.34465e-11,-687714,0.0999515,5.82254e-08,1.71663e+06
3.411410,-5.64098e-05,8.22544e-11,-685797,0.0999496,5.81562e-08,1.71864e+06
3.521457,-5.49793e-05,8.34465e-11,-658857,0.0999521,5.82457e-08,1.71604e+06
3.631503,-5.60999e-05,7.62939e-11,-735313,0.0999525,5.8229e-08,1.71654e+06
3.741549,-5.32389e-05,8.22544e-11,-647246,0.0999527,5.80633e-08,1.72144e+06
3.851594,-5.14746e-05,8.10623e-11,-635000,0.099953,5.81527e-08,1.7188e+06
3.961640,-5.18084e-05,8.46386e-11,-612113,0.0999517,5.82242e-08,1.71667e+06
4.071686,-4.9901e-05,8.10623e-11,-615588,0.0999512,5.81574e-08,1.71863e+06
4.181731,-5.1403e-05,9.05991e-11,-567368,0.0999532,5.82528e-08,1.71585e+06
4.291776,-5.126e-05,7.62939e-11,-671875,0.0999531,5.81336e-08,1.71937e+06
4.401821,-5.10454e-05,8.9407e-11,-570933,0.0999571,5.79655e-08,1.72442e+06
4.511867,-5.28812e-05,7.51018e-11,-704127,0.0999573,5.79762e-08,1.72411e+06
4.621912,-5.49555e-05,8.58307e-11,-640278,0.0999577,5.80549e-08,1.72178e+06
4.731958,-5.43118e-05,7.51018e-11,-723175,0.0999603,5.80299e-08,1.72257e+06
4.842003,-5.39303e-05,8.34465e-11,-646286,0.0999609,5.8037e-08,1.72236e+06
4.952049,-5.54562e-05,6.67572e-11,-830714,0.0999605,5.80251e-08,1.72271e+06
5.062094,-5.50032e-05,8.22544e-11,-668696,0.0999573,5.80001e-08,1.7234e+06
5.172139,-5.29289e-05,6.79493e-11,-778947,0.099958,5.81408e-08,1.71924e+06
5.282184,-5.14507e-05,8.34465e-11,-616571,0.0999581,5.81992e-08,1.71752e+06
5.392230,-5.08547e-05,6.55651e-11,-775636,0.0999574,5.808e-08,1.72103e+06
5.502275,-5.12362e-05,8.34465e-11,-614000,0.0999552,5.7987e-08,1.72375e+06
5.612320,-5.30481e-05,6.79493e-11,-780702,0.0999537,5.80621e-08,1.7215e+06
5.722365,-5.60284e-05,8.10623e-11,-691176,0.0999569,5.78916e-08,1.72662e+06
5.832411,-5.52893e-05,6.55651e-11,-843273,0.0999571,5.79154e-08,1.72591e+06
5.942457,5.99978,7.03335e-11,8.53047e+10,0.0999555,2.53351e-07,394534
6.052503,5.99957,7.62939e-11,7.86376e+10,0.099955,2.3999e-07,416497
6.162549,5.99947,7.27177e-11,8.25036e+10,0.099953,2.3334e-07,428357
6.272595,5.99949,7.27177e-11,8.25039e+10,0.0999539,2.28869e-07,436730
6.382641,-7.33137e-05,7.86781e-11,-931818,0.0999542,3.99077e-08,2.50464e+06
6.492687,-5.20468e-05,6.55651e-11,-793818,0.0999574,4.50492e-08,2.21885e+06
6.602733,-4.63724e-05,8.22544e-11,-563768,0.099955,4.70686e-08,2.1236e+06
6.712779,-4.44174e-05,6.91414e-11,-642414,0.0999561,4.82452e-08,2.07184e+06
6.822824,-4.65155e-05,8.70228e-11,-534521,0.099954,4.91035e-08,2.03558e+06
6.932874,-4.91381e-05,6.79493e-11,-723158,0.0999536,4.97162e-08,2.01048e+06
7.042919,-4.76599e-05,8.82149e-11,-540270,0.099957,5.03433e-08,1.98551e+06
7.152964,-4.86612e-05,7.15256e-11,-680333,0.0999589,5.08165e-08,1.96706e+06
7.263010,-4.90904e-05,8.46386e-11,-580000,0.0999602,5.12612e-08,1.95002e+06
7.373056,-4.85182e-05,6.91414e-11,-701724,0.0999592,5.14555e-08,1.94263e+06
7.483102,5.99984,7.51018e-11,7.98894e+10,0.099963,2.46481e-07,405561
7.593147,5.99964,7.62939e-11,7.86385e+10,0.0999615,2.33853e-07,427455
7.703192,5.99955,7.15256e-11,8.38797e+10,0.0999594,2.28088e-07,438250
7.813237,5.9995,7.98702e-11,7.51156e+10,0.0999594,2.23416e-07,447414
7.923283,-7.57694e-05,8.22544e-11,-921160,0.0999611,3.69787e-08,2.70321e+06
8.033329,-5.86033e-05,6.07967e-11,-963922,0.0999601,4.16923e-08,2.39757e+06
8.143375,-5.06639e-05,8.46386e-11,-598592,0.0999605,4.37701e-08,2.28376e+06
8.253421,-5.11885e-05,6.19888e-11,-825769,0.0999574,4.51028e-08,2.21621e+06
8.363467,-5.06639e-05,8.46386e-11,-598592,0.0999565,4.59623e-08,2.17475e+06
8.473513,-4.67539e-05,6.4373e-11,-726296,0.0999568,4.66454e-08,2.14291e+06
8.583558,-4.7636e-05,8.70228e-11,-547397,0.0999588,4.72772e-08,2.11431e+06
8.693604,-4.87804e-05,6.67572e-11,-730714,0.0999592,4.76873e-08,2.09614e+06
8.803649,-5.0354e-05,8.46386e-11,-594930,0.0999596,4.80068e-08,2.0822e+06
8.913695,-4.73738e-05,6.4373e-11,-735926,0.0999593,4.83048e-08,2.06935e+06
9.023740,5.99983,7.27177e-11,8.25086e+10,0.0999611,2.41863e-07,413297
9.133786,5.99963,7.27177e-11,8.25058e+10,0.0999614,2.29188e-07,436154
9.243832,5.99954,7.51018e-11,7.98854e+10,0.0999604,2.23683e-07,446884
9.353877,5.99951,7.86781e-11,7.62538e+10,0.0999611,2.19865e-07,454648
9.463922,-7.38859e-05,7.39098e-11,-999677,0.099962,3.55256e-08,2.8138e+06
9.573967,-5.66721e-05,6.19888e-11,-914231,0.0999596,4.00472e-08,2.49605e+06
9.684013,-5.21898e-05,8.34465e-11,-625429,0.0999601,4.19533e-08,2.38265e+06
9.794058,-5.10931e-05,6.4373e-11,-793704,0.0999599,4.32014e-08,2.31381e+06
9.904103,-5.24044e-05,8.82149e-11,-594054,0.0999611,4.40943e-08,2.26698e+06
10.014149,-5.19991e-05,6.55651e-11,-793091,0.0999608,4.48954e-08,2.22653e+06
10.124195,-5.06639e-05,8.22544e-11,-615942,0.099962,4.55296e-08,2.19554e+06
10.234241,-5.38588e-05,6.67572e-11,-806786,0.0999604,4.59945e-08,2.17331e+06
10.344286,-5.79834e-05,8.46386e-11,-685070,0.0999606,4.63629e-08,2.15605e+06
10.454332,-6.01053e-05,6.4373e-11,-933704,0.0999604,4.66263e-08,2.14386e+06
10.564377,5.99971,8.34465e-11,7.18989e+10,0.0999579,2.393e-07,417710
10.674423,5.99951,7.51018e-11,7.9885e+10,0.0999591,2.2741e-07,439555
10.784468,5.99944,7.51018e-11,7.9884e+10,0.0999585,2.22231e-07,449795
10.894514,5.99942,7.98702e-11,7.51146e+10,0.099958,2.18036e-07,458447
11.004560,-8.38041e-05,7.03335e-11,-1.19153e+06,0.099963,3.43633e-08,2.90901e+06
11.114605,-6.57558e-05,7.03335e-11,-934915,0.0999618,3.87156e-08,2.58195e+06
11.224650,-5.54085e-05,8.34465e-11,-664000,0.0999621,4.05264e-08,2.46659e+06
11.334695,-5.50509e-05,6.91414e-11,-796207,0.0999631,4.17781e-08,2.39272e+06
11.444740,-5.62668e-05,8.34465e-11,-674286,0.0999624,4.26269e-08,2.34506e+06
11.554786,-5.41687e-05,6.91414e-11,-783448,0.0999631,4.3335e-08,2.30675e+06
11.664831,-5.39064e-05,8.22544e-11,-655362,0.0999654,4.39608e-08,2.27397e+06
11.774877,-5.16415e-05,7.03335e-11,-734237,0.099964,4.44531e-08,2.24875e+06
11.884923,-5.29528e-05,9.17912e-11,-576883,0.0999654,4.47988e-08,2.23143e+06
11.994968,-5.50747e-05,7.62939e-11,-721875,0.0999645,4.51159e-08,2.21572e+06
12.105014,5.99977,7.7486e-11,7.74303e+10,0.0999649,2.36828e-07,422099
12.215059,5.99955,7.98702e-11,7.51162e+10,0.0999666,2.24937e-07,444420
12.325104,5.99944,7.62939e-11,7.86359e+10,0.0999647,2.19483e-07,455455
12.435149,5.99943,7.98702e-11,7.51147e+10,0.0999648,2.15181e-07,464561
12.545195,-8.28266e-05,7.39098e-11,-1.12065e+06,0.0999628,3.34871e-08,2.98512e+06
12.655241,-6.37531e-05,7.98702e-11,-798209,0.0999623,3.77095e-08,2.65085e+06
12.765287,-5.78642e-05,9.29832e-11,-622308,0.0999665,3.96371e-08,2.52204e+06
12.875333,-5.72681e-05,7.7486e-11,-739077,0.099965,4.07636e-08,2.45231e+06
12.985378,-5.54085e-05,9.29832e-11,-595897,0.0999648,4.15575e-08,2.40546e+06
13.095424,-5.44071e-05,7.7486e-11,-702154,0.0999637,4.22871e-08,2.36393e+06
13.205469,-5.55515e-05,9.05991e-11,-613158,0.0999622,4.282e-08,2.33448e+06
13.315515,-5.5337e-05,7.7486e-11,-714154,0.0999615,4.32289e-08,2.31238e+06
13.425561,-5.57899e-05,9.05991e-11,-615790,0.0999598,4.36056e-08,2.29236e+06
13.535607,-5.69105e-05,8.10623e-11,-702059,0.0999606,4.38619e-08,2.27899e+06
13.645653,5.99978,8.46386e-11,7.0887e+10,0.0999636,2.34149e-07,426924
13.755698,5.99957,8.46386e-11,7.08846e+10,0.0999638,2.22282e-07,449715
13.865744,5.99948,8.10623e-11,7.40107e+10,0.0999657,2.17268e-07,460102
13.975790,5.99945,8.58307e-11,6.98986e+10,0.0999656,2.13938e-07,467265
14.085835,-8.22783e-05,7.39098e-11,-1.11323e+06,0.0999663,3.2593e-08,3.06711e+06
14.195881,-6.38008e-05,7.98702e-11,-798806,0.0999656,3.69501e-08,2.70542e+06
14.305926,-5.8198e-05,8.46386e-11,-687606,0.0999679,3.88956e-08,2.57016e+06
14.415972,-5.82695e-05,7.62939e-11,-763750,0.0999682,3.99458e-08,2.50259e+06
14.526018,-5.89371e-05,8.58307e-11,-686667,0.0999663,4.07898e-08,2.45076e+06
14.636064,-5.76496e-05,8.10623e-11,-711176,0.0999671,4.14038e-08,2.41444e+06
14.746109,-5.91993e-05,8.46386e-11,-699437,0.0999662,4.18854e-08,2.38666e+06
14.856155,-6.11544e-05,8.34465e-11,-732857,0.0999663,4.23443e-08,2.3608e+06
14.966201,-5.61714e-05,8.70228e-11,-645479,0.0999665,4.27604e-08,2.33783e+06
15.076247,-5.73635e-05,7.98702e-11,-718209,0.099967,4.31204e-08,2.31832e+06
15.186292,5.99977,7.86781e-11,7.62571e+10,0.0999684,2.33523e-07,428089
15.296337,5.99957,7.7486e-11,7.74278e+10,0.0999671,2.21906e-07,450494
15.406383,5.99948,7.51018e-11,7.98846e+10,0.0999691,2.16402e-07,461961
15.516429,5.99946,7.86781e-11,7.62532e+10,0.0999711,2.12566e-07,470307
15.626475,-8.05616e-05,6.79493e-11,-1.18561e+06,0.0999749,3.20113e-08,3.12311e+06
15.736521,-6.36578e-05,8.58307e-11,-741667,0.0999739,3.62217e-08,2.76005e+06
15.846567,-5.75304e-05,8.22544e-11,-699420,0.0999696,3.80361e-08,2.62828e+06
15.956612,-5.83649e-05,8.22544e-11,-709565,0.0999675,3.90399e-08,2.56065e+06
16.066658,-5.6839e-05,8.46386e-11,-671549,0.0999656,3.98993e-08,2.50545e+06
16.176704,-5.66959e-05,8.34465e-11,-679429,0.0999676,4.05812e-08,2.46339e+06
16.286749,-5.8198e-05,8.10623e-11,-717941,0.0999684,4.11034e-08,2.43212e+06
16.396795,-5.60284e-05,7.39098e-11,-758065,0.099962,4.15862e-08,2.40373e+06
16.506840,-5.61237e-05,8.46386e-11,-663099,0.0999646,4.19354e-08,2.38377e+06
16.616886,-5.69105e-05,8.10623e-11,-702059,0.099967,4.22943e-08,2.36361e+06
16.726932,5.99974,7.98702e-11,7.51186e+10,0.0999719,2.31367e-07,432092
16.836977,5.99953,7.98702e-11,7.5116e+10,0.0999658,2.19953e-07,454487
16.947022,5.99943,7.27177e-11,8.25031e+10,0.0999608,2.14303e-07,466447
17.057068,5.99943,7.7486e-11,7.7426e+10,0.0999609,2.1053e-07,474807
17.167114,-8.18729e-05,6.67572e-11,-1.22643e+06,0.0999619,3.14236e-08,3.18111e+06
17.277160,-6.4826e-05,9.05991e-11,-715526,0.0999609,3.54433e-08,2.8203e+06
17.387205,-5.58853e-05,8.70228e-11,-642192,0.0999593,3.73638e-08,2.6753e+06
17.497252,-5.64337e-05,8.10623e-11,-696176,0.0999593,3.84986e-08,2.59644e+06
17.607298,-5.61714e-05,8.34465e-11,-673143,0.0999604,3.92342e-08,2.54779e+06
17.717344,-5.47647e-05,8.70228e-11,-629315,0.0999624,3.99482e-08,2.5023e+06
17.827390,-5.58376e-05,7.98702e-11,-699104,0.0999632,4.05848e-08,2.46307e+06
17.937435,-5.54562e-05,8.10623e-11,-684118,0.0999685,4.10151e-08,2.43736e+06
18.047480,-5.38826e-05,7.86781e-11,-684849,0.0999668,4.13835e-08,2.41562e+06
18.157526,-5.25951e-05,7.7486e-11,-678769,0.0999665,4.16362e-08,2.40095e+06
18.267572,5.9998,8.10623e-11,7.40147e+10,0.0999672,2.31317e-07,432165
18.377618,5.9996,8.34465e-11,7.18975e+10,0.0999661,2.19462e-07,455505
18.487663,5.99952,7.98702e-11,7.51159e+10,0.0999653,2.14095e-07,466920
18.597709,5.99949,7.62939e-11,7.86365e+10,0.099966,2.10401e-07,475122
18.707754,-7.87258e-05,6.19888e-11,-1.27e+06,0.0999694,3.10242e-08,3.2223e+06
18.817800,-5.93662e-05,8.22544e-11,-721739,0.0999693,3.50809e-08,2.84968e+06
18.927845,-4.93526e-05,7.98702e-11,-617910,0.0999673,3.68941e-08,2.70958e+06
19.037891,-4.57048e-05,8.10623e-11,-563824,0.0999679,3.79753e-08,2.63245e+06
19.147936,-4.57525e-05,7.98702e-11,-572836,0.0999685,3.87633e-08,2.57895e+06
19.257981,-4.53711e-05,7.86781e-11,-576667,0.0999671,3.9345e-08,2.54078e+06
19.368027,-4.45843e-05,8.82149e-11,-505405,0.0999658,3.99148e-08,2.50448e+06
19.478073,-4.21047e-05,8.58307e-11,-490556,0.0999646,4.03559e-08,2.47707e+06
19.588119,-4.33922e-05,8.70228e-11,-498630,0.099969,4.07112e-08,2.45557e+06
19.698165,-4.24147e-05,8.58307e-11,-494167,0.0999695,4.1064e-08,2.43448e+06
19.808211,5.99989,8.46386e-11,7.08883e+10,0.0999672,2.30129e-07,434397
19.918257,5.99968,8.46386e-11,7.08859e+10,0.0999667,2.17912e-07,458748
20.028303,5.99958,8.10623e-11,7.4012e+10,0.0999677,2.12692e-07,470011
20.138348,5.99957,8.22544e-11,7.29392e+10,0.0999671,2.08863e-07,478625
20.248394,-6.68764e-05,6.67572e-11,-1.00179e+06,0.0999657,3.06046e-08,3.26636e+06
20.358439,-5.04494e-05,8.9407e-11,-564267,0.0999648,3.45385e-08,2.8943e+06
20.468485,-4.86612e-05,8.34465e-11,-583143,0.0999641,3.61979e-08,2.7616e+06
20.578531,-4.89473e-05,8.34465e-11,-586571,0.0999632,3.73709e-08,2.67489e+06
20.688577,-5.16653e-05,8.10623e-11,-637353,0.09996,3.8023e-08,2.62894e+06
20.798623,-4.94957e-05,8.34465e-11,-593143,0.0999624,3.86989e-08,2.58308e+06
20.908669,-4.99487e-05,8.22544e-11,-607246,0.0999636,3.93021e-08,2.54347e+06
21.018714,-5.01633e-05,8.9407e-11,-561067,0.0999646,3.9748e-08,2.51496e+06
21.128759,-5.04494e-05,8.10623e-11,-622353,0.0999635,4.01056e-08,2.49251e+06
21.238805,-5.07832e-05,8.46386e-11,-600000,0.0999645,4.05633e-08,2.4644e+06
21.348850,5.9998,7.7486e-11,7.74307e+10,0.0999647,2.28686e-07,437126
21.458895,5.99959,7.7486e-11,7.7428e+10,0.0999646,2.16504e-07,461721
21.568941,5.99951,7.27177e-11,8.25042e+10,0.0999645,2.10963e-07,473847
21.678987,5.99951,7.62939e-11,7.86368e+10,0.099966,2.07371e-07,482065
21.789033,-7.4482e-05,5.72205e-11,-1.30167e+06,0.0999665,3.01194e-08,3.31901e+06
21.899078,-5.73874e-05,8.58307e-11,-668611,0.0999674,3.40331e-08,2.93736e+06
22.009123,-5.00917e-05,7.51018e-11,-666984,0.0999695,3.57854e-08,2.79358e+06
22.119169,-5.04255e-05,8.34465e-11,-604286,0.0999685,3.68786e-08,2.71075e+06
22.229215,-5.11169e-05,7.27177e-11,-702951,0.0999683,3.76284e-08,2.65672e+06
22.339261,-5.21421e-05,8.82149e-11,-591081,0.0999675,3.811e-08,2.62313e+06
22.449307,-5.05924e-05,7.7486e-11,-652923,0.0999663,3.86918e-08,2.58366e+06
22.559353,-5.00202e-05,8.9407e-11,-559467,0.0999646,3.91102e-08,2.55597e+06
22.669398,-4.81844e-05,7.51018e-11,-641587,0.0999632,3.95417e-08,2.52804e+06
22.779443,-5.15461e-05,8.34465e-11,-617714,0.0999632,3.99446e-08,2.50254e+06
22.889489,5.9998,7.51018e-11,7.98888e+10,0.0999621,2.27566e-07,439267
22.999535,5.99961,7.86781e-11,7.62551e+10,0.0999614,2.15932e-07,462930
23.109580,5.99948,6.91414e-11,8.67711e+10,0.0999621,2.10444e-07,475006
23.219625,5.99947,7.62939e-11,7.86362e+10,0.0999615,2.06783e-07,483413
23.329670,-7.82728e-05,6.31809e-11,-1.23887e+06,0.0999617,2.985e-08,3.3488e+06
23.439716,-6.24895e-05,8.82149e-11,-708378,0.0999628,3.36242e-08,2.97294e+06
23.549761,-5.6386e-05,7.62939e-11,-739063,0.0999631,3.53527e-08,2.8276e+06
23.659807,-5.84602e-05,8.82149e-11,-662703,0.0999626,3.64101e-08,2.74546e+06
23.769853,-5.84364e-05,6.91414e-11,-845172,0.0999668,3.708e-08,2.69597e+06
23.879899,-5.83887e-05,8.9407e-11,-653067,0.0999683,3.76332e-08,2.65639e+06
23.989944,-5.87463e-05,6.91414e-11,-849655,0.0999687,3.82972e-08,2.61034e+06
24.099989,-6.14166e-05,9.05991e-11,-677895,0.0999687,3.88169e-08,2.57539e+06
24.210035,-5.94854e-05,7.03335e-11,-845763,0.0999689,3.9041e-08,2.56061e+06
24.320080,-5.79119e-05,9.53674e-11,-607250,0.0999697,3.93593e-08,2.53992e+06
24.430126,5.99975,7.51018e-11,7.98882e+10,0.099968,2.26194e-07,441957
24.540172,5.99954,7.86781e-11,7.62542e+10,0.0999687,2.1414e-07,466837
24.650217,5.99945,7.27177e-11,8.25033e+10,0.0999679,2.08795e-07,478785
24.760263,5.99943,7.27177e-11,8.25031e+10,0.0999657,2.05173e-07,487225
24.870309,-8.54731e-05,5.48363e-11,-1.5587e+06,0.0999663,2.94459e-08,3.39492e+06
24.980354,-6.92129e-05,8.82149e-11,-784595,0.0999667,3.32427e-08,3.00718e+06
25.090400,-6.22749e-05,6.67572e-11,-932857,0.0999686,3.47841e-08,2.87397e+06
25.200446,-6.05345e-05,8.70228e-11,-695616,0.0999677,3.60239e-08,2.77504e+06
25.310492,-5.7435e-05,6.4373e-11,-892222,0.0999675,3.67939e-08,2.71696e+06
25.420537,-5.90324e-05,8.46386e-11,-697465,0.0999675,3.73924e-08,2.67347e+06
25.530583,-5.9247e-05,6.67572e-11,-887500,0.0999678,3.79229e-08,2.63608e+06
25.640629,-5.8794e-05,8.46386e-11,-694648,0.0999667,3.82996e-08,2.61013e+06
25.750675,-6.02722e-05,7.51018e-11,-802540,0.0999676,3.86989e-08,2.58321e+06
25.860720,-6.11782e-05,8.58307e-11,-712778,0.0999693,3.90959e-08,2.55703e+06
25.970766,5.99974,7.27177e-11,8.25073e+10,0.0999633,2.26204e-07,441916
26.080811,5.99953,7.27177e-11,8.25044e+10,0.0999647,2.14175e-07,466743
26.190857,5.99943,7.39098e-11,8.11724e+10,0.0999634,2.08036e-07,480511
26.300902,5.99942,7.62939e-11,7.86356e+10,0.0999641,2.04445e-07,488953
26.410948,-8.37565e-05,5.48363e-11,-1.52739e+06,0.0999652,2.91932e-08,3.42427e+06
26.520993,-6.62327e-05,9.29832e-11,-712308,0.0999657,3.30317e-08,3.02636e+06
26.631039,-5.76019e-05,7.15256e-11,-805333,0.0999649,3.47149e-08,2.87959e+06
26.741084,-5.67675e-05,8.82149e-11,-643514,0.0999632,3.58462e-08,2.78867e+06
26.851130,-5.69582e-05,7.15256e-11,-796333,0.0999644,3.64935e-08,2.73924e+06
26.961175,-5.78165e-05,8.9407e-11,-646667,0.0999632,3.70753e-08,2.69622e+06
27.071221,-5.9104e-05,7.39098e-11,-799677,0.0999615,3.7632e-08,2.65629e+06
27.181267,-6.17981e-05,8.70228e-11,-710137,0.0999619,3.80731e-08,2.62553e+06
27.291313,-6.39439e-05,7.15256e-11,-894000,0.0999605,3.84188e-08,2.60187e+06
27.401359,-6.23941e-05,9.53674e-11,-654250,0.0999624,3.87585e-08,2.57911e+06
27.511405,5.99972,8.10623e-11,7.40136e+10,0.0999639,2.25682e-07,442941
27.621451,5.99952,8.10623e-11,7.40112e+10,0.0999636,2.13542e-07,468122
27.731496,5.99944,7.7486e-11,7.7426e+10,0.0999621,2.08054e-07,480463
27.841541,5.99941,7.98702e-11,7.51145e+10,0.0999599,2.04397e-07,489046
27.951587,-8.63552e-05,6.67572e-11,-1.29357e+06,0.0999603,2.87819e-08,3.47303e+06
28.061632,-6.78539e-05,8.9407e-11,-758933,0.0999573,3.25894e-08,3.06717e+06
28.171678,-5.92232e-05,7.15256e-11,-828000,0.0999577,3.41332e-08,2.92846e+06
28.281723,-5.88655e-05,9.17912e-11,-641299,0.0999554,3.51238e-08,2.8458e+06
28.391768,-5.86987e-05,7.03335e-11,-834576,0.0999562,3.59857e-08,2.77766e+06
28.501814,-5.7745e-05,9.05991e-11,-637368,0.0999566,3.64828e-08,2.73983e+06
28.611860,-5.75542e-05,7.15256e-11,-804667,0.0999569,3.70193e-08,2.70013e+06
28.721906,-6.07729e-05,9.17912e-11,-662078,0.0999589,3.74973e-08,2.66576e+06
28.831952,-5.97239e-05,7.15256e-11,-835000,0.0999597,3.78156e-08,2.64335e+06
28.941997,-6.07491e-05,8.58307e-11,-707778,0.0999596,3.82137e-08,2.6158e+06
29.052043,5.99973,7.62939e-11,7.86396e+10,0.0999584,2.23869e-07,446504
29.162088,5.99953,8.10623e-11,7.40114e+10,0.0999597,2.12066e-07,471361
29.272133,5.99945,7.51018e-11,7.98842e+10,0.0999593,2.06488e-07,484091
29.382179,5.99945,7.86781e-11,7.6253e+10,0.0999568,2.0268e-07,493176
29.492224,-7.94888e-05,6.19888e-11,-1.28231e+06,0.0999574,2.85351e-08,3.50296e+06
29.602270,-6.42538e-05,8.9407e-11,-718667,0.0999593,3.22604e-08,3.09851e+06
29.712315,-5.64575e-05,6.91414e-11,-816552,0.0999618,3.38805e-08,2.95043e+06
29.822361,-5.94378e-05,7.98702e-11,-744179,0.0999622,3.49295e-08,2.86183e+06
29.932406,-5.99623e-05,6.67572e-11,-898214,0.0999642,3.5646e-08,2.80436e+06
30.042452,-5.94378e-05,8.46386e-11,-702254,0.0999633,3.61931e-08,2.76194e+06
30.152497,-6.03199e-05,6.91414e-11,-872414,0.0999653,3.66366e-08,2.72856e+06
30.262543,-5.9247e-05,8.34465e-11,-710000,0.0999629,3.71134e-08,2.69344e+06
30.372588,-5.6982e-05,7.51018e-11,-758730,0.099962,3.74925e-08,2.66619e+06
30.482634,-5.60999e-05,8.9407e-11,-627467,0.0999623,3.78227e-08,2.64292e+06
30.592680,5.99978,7.7486e-11,7.74304e+10,0.0999623,2.23935e-07,446391
30.702726,5.99959,8.10623e-11,7.40121e+10,0.0999625,2.11577e-07,472463
30.812771,5.99948,7.15256e-11,8.38788e+10,0.0999648,2.06517e-07,484051
30.922817,5.99946,7.86781e-11,7.62532e+10,0.099964,2.02802e-07,492913
31.032863,-7.87497e-05,6.31809e-11,-1.24642e+06,0.0999631,2.82991e-08,3.53238e+06
31.142909,-6.12736e-05,8.82149e-11,-694595,0.0999637,3.19457e-08,3.12917e+06
31.252955,-5.3668e-05,7.98702e-11,-671940,0.0999629,3.34692e-08,2.98671e+06
31.363001,-5.3668e-05,8.70228e-11,-616712,0.0999619,3.45659e-08,2.89192e+06
31.473047,-5.24521e-05,8.46386e-11,-619718,0.0999605,3.53646e-08,2.82657e+06
31.583093,-5.22375e-05,8.70228e-11,-600274,0.0999596,3.5944e-08,2.78098e+06
31.693139,-4.97818e-05,8.34465e-11,-596571,0.0999568,3.64292e-08,2.74387e+06
31.803185,-5.19991e-05,8.46386e-11,-614366,0.0999554,3.68607e-08,2.71171e+06
31.913230,-5.17607e-05,7.86781e-11,-657879,0.0999543,3.71766e-08,2.68864e+06
32.023276,-5.31197e-05,8.58307e-11,-618889,0.0999553,3.75485e-08,2.66203e+06
32.133321,5.99979,7.98702e-11,7.51192e+10,0.0999547,2.23691e-07,446842
32.243366,5.99957,7.86781e-11,7.62546e+10,0.0999538,2.11872e-07,471765
32.353412,5.99947,8.10623e-11,7.40106e+10,0.0999549,2.05858e-07,485553
32.463458,5.99947,8.46386e-11,7.08834e+10,0.0999574,2.02587e-07,493406
32.573504,-7.78198e-05,6.31809e-11,-1.2317e+06,0.0999575,2.80082e-08,3.56886e+06
32.683549,-5.94854e-05,8.82149e-11,-674324,0.0999567,3.16286e-08,3.16033e+06
32.793594,-5.34534e-05,8.22544e-11,-649855,0.0999566,3.32558e-08,3.00569e+06
32.903639,-5.21898e-05,8.58307e-11,-608056,0.0999575,3.42464e-08,2.91877e+06
33.013685,-5.22614e-05,8.46386e-11,-617465,0.099957,3.49534e-08,2.85973e+06
33.123731,-4.91858e-05,8.70228e-11,-565206,0.099957,3.55566e-08,2.81121e+06
33.233777,-5.06163e-05,8.58307e-11,-589722,0.0999583,3.60632e-08,2.77175e+06
33.343823,-4.91619e-05,8.70228e-11,-564932,0.099959,3.65245e-08,2.73676e+06
33.453869,-5.09262e-05,8.34465e-11,-610286,0.0999574,3.68452e-08,2.7129e+06
33.563915,-4.8399e-05,8.46386e-11,-571831,0.0999603,3.71277e-08,2.69233e+06
33.673961,5.99985,7.7486e-11,7.74314e+10,0.0999612,2.22117e-07,450039
33.784007,5.99964,7.86781e-11,7.62555e+10,0.0999639,2.10477e-07,474940
33.894052,5.99953,7.7486e-11,7.74272e+10,0.0999635,2.04877e-07,487921
34.004098,5.99953,7.39098e-11,8.11737e+10,0.0999618,2.01298e-07,496586
34.114143,-7.07626e-05,6.07967e-11,-1.16392e+06,0.0999637,2.77984e-08,3.59602e+06
34.224189,-5.30005e-05,8.46386e-11,-626197,0.099964,3.1395e-08,3.18408e+06
34.334234,-4.78268e-05,8.22544e-11,-581449,0.0999652,3.28994e-08,3.03851e+06
34.444279,-4.70877e-05,7.98702e-11,-589552,0.0999627,3.39162e-08,2.94734e+06
34.554325,-4.65155e-05,8.46386e-11,-549577,0.0999624,3.47269e-08,2.87853e+06
34.664370,-4.71592e-05,7.51018e-11,-627937,0.099964,3.53456e-08,2.82819e+06
34.774415,-4.73022e-05,7.86781e-11,-601212,0.0999627,3.5851e-08,2.78828e+06
34.884460,-4.73261e-05,7.98702e-11,-592537,0.0999603,3.62217e-08,2.75968e+06
34.994506,-4.72069e-05,8.10623e-11,-582353,0.0999623,3.65508e-08,2.73489e+06
35.104551,-4.66108e-05,8.34465e-11,-558571,0.0999681,3.69191e-08,2.70776e+06
35.214597,5.99983,7.86781e-11,7.62579e+10,0.0999678,2.21683e-07,450950
35.324642,5.99958,7.7486e-11,7.74279e+10,0.0999655,2.08915e-07,478497
35.434688,5.99951,7.98702e-11,7.51157e+10,0.0999628,2.03416e-07,491420
35.544733,5.99949,7.27177e-11,8.25039e+10,0.0999655,1.99929e-07,500004
35.654778,-7.82967e-05,6.67572e-11,-1.17286e+06,0.0999657,2.75576e-08,3.62752e+06
35.764823,-5.89371e-05,8.10623e-11,-727059,0.099966,3.11697e-08,3.20716e+06
35.874869,-5.19037e-05,8.10623e-11,-640294,0.0999665,3.28004e-08,3.04772e+06
35.984914,-4.7946e-05,7.86781e-11,-609394,0.0999649,3.38137e-08,2.95634e+06
36.094959,-4.49181e-05,9.05991e-11,-495790,0.0999635,3.44729e-08,2.89977e+06
36.205005,-4.50611e-05,7.86781e-11,-572727,0.0999636,3.50022e-08,2.85592e+06
36.315050,-4.41074e-05,8.9407e-11,-493333,0.0999638,3.56185e-08,2.80651e+06
36.425095,-4.71354e-05,8.46386e-11,-556901,0.0999628,3.60692e-08,2.77142e+06
36.535141,-4.93765e-05,8.82149e-11,-559730,0.0999609,3.65031e-08,2.73842e+06
36.645186,-5.05924e-05,8.34465e-11,-606286,0.0999603,3.67534e-08,2.71975e+06
36.755232,5.99983,7.86781e-11,7.62579e+10,0.0999637,2.21337e-07,451636
36.865278,5.99962,8.10623e-11,7.40124e+10,0.0999663,2.09261e-07,477711
36.975324,5.99951,8.10623e-11,7.40111e+10,0.0999645,2.03867e-07,490342
37.085370,5.99949,8.22544e-11,7.29383e+10,0.0999602,2.00245e-07,499188
37.195415,-7.50542e-05,6.91414e-11,-1.08552e+06,0.0999602,2.75135e-08,3.63313e+06
37.305461,-6.08683e-05,8.70228e-11,-699452,0.0999603,3.10779e-08,3.21645e+06
37.415507,-5.43118e-05,8.34465e-11,-650857,0.0999604,3.24976e-08,3.07593e+06
37.525553,-5.29289e-05,8.46386e-11,-625352,0.0999606,3.3524e-08,2.98176e+06
37.635599,-5.40733e-05,8.82149e-11,-612973,0.099961,3.42321e-08,2.92009e+06
37.745644,-5.43833e-05,8.46386e-11,-642535,0.0999595,3.48985e-08,2.86429e+06
37.855690,-5.29051e-05,8.34465e-11,-634000,0.0999595,3.54087e-08,2.82302e+06
37.965736,-5.06639e-05,7.86781e-11,-643939,0.0999595,3.5789e-08,2.79302e+06
38.075782,-4.97818e-05,8.70228e-11,-572055,0.0999599,3.61264e-08,2.76695e+06
38.185828,-4.79698e-05,8.10623e-11,-591765,0.0999596,3.63946e-08,2.74655e+06
38.295874,5.99983,7.7486e-11,7.74312e+10,0.0999613,2.19927e-07,454521
38.405920,5.99961,7.39098e-11,8.11747e+10,0.0999607,2.08361e-07,479747
38.515966,5.99952,7.51018e-11,7.98852e+10,0.0999602,2.03115e-07,492137
38.626012,5.9995,7.27177e-11,8.2504e+10,0.09996,1.99569e-07,500878
38.736058,-7.3123e-05,6.31809e-11,-1.15736e+06,0.0999603,2.72274e-08,3.67131e+06
38.846104,-5.58853e-05,7.62939e-11,-732500,0.0999584,3.08239e-08,3.24288e+06
38.956150,-4.79937e-05,8.58307e-11,-559167,0.0999589,3.23355e-08,3.0913e+06
39.066196,-4.87566e-05,7.62939e-11,-639063,0.0999607,3.33416e-08,2.99807e+06
39.176242,-5.06639e-05,8.82149e-11,-574324,0.0999621,3.40497e-08,2.93577e+06
39.286287,-5.13792e-05,7.98702e-11,-643284,0.0999633,3.46708e-08,2.88321e+06
39.396333,-5.24521e-05,8.22544e-11,-637681,0.0999672,3.50869e-08,2.84914e+06
39.506379,-5.19037e-05,7.51018e-11,-691111,0.0999657,3.54779e-08,2.81769e+06
39.616425,-5.29766e-05,8.34465e-11,-634857,0.0999657,3.58355e-08,2.78957e+06
39.726471,-5.26428e-05,7.39098e-11,-712258,0.0999647,3.60501e-08,2.77294e+06
39.836517,5.99982,7.62939e-11,7.86408e+10,0.0999625,2.19918e-07,454543
39.946563,5.99963,7.39098e-11,8.11751e+10,0.0999643,2.08082e-07,480408
40.056609,5.99953,7.15256e-11,8.38795e+10,0.0999644,2.02712e-07,493135
40.166655,5.9995,7.15256e-11,8.38791e+10,0.0999612,1.98946e-07,502454
40.276700,-7.13825e-05,6.55651e-11,-1.08873e+06,0.0999591,2.7045e-08,3.69603e+06
40.386745,-5.55754e-05,7.03335e-11,-790169,0.0999586,3.04925e-08,3.27813e+06
40.496791,-4.68731e-05,8.70228e-11,-538630,0.0999589,3.19529e-08,3.12832e+06
40.606837,-4.58241e-05,7.27177e-11,-630164,0.0999572,3.29757e-08,3.03124e+06
40.716883,-4.54903e-05,9.05991e-11,-502105,0.0999576,3.37791e-08,2.95915e+06
40.826928,-4.75883e-05,7.86781e-11,-604849,0.0999585,3.44741e-08,2.89952e+06
40.936974,-4.71592e-05,9.29832e-11,-507179,0.0999579,3.49009e-08,2.86405e+06
41.047020,-4.74691e-05,7.27177e-11,-652787,0.0999586,3.53241e-08,2.82976e+06
41.157065,-4.75883e-05,8.82149e-11,-539459,0.0999584,3.56412e-08,2.80458e+06
41.267110,-4.8542e-05,7.15256e-11,-678667,0.0999588,3.59762e-08,2.77847e+06
41.377156,5.9998,8.10623e-11,7.40146e+10,0.0999589,2.19109e-07,456206
41.487202,5.99958,7.51018e-11,7.98859e+10,0.0999582,2.07605e-07,481482
41.597248,5.99949,7.51018e-11,7.98847e+10,0.0999604,2.0213e-07,494535
41.707293,5.99946,7.27177e-11,8.25034e+10,0.0999578,1.98538e-07,503468
41.817338,-8.0061e-05,6.31809e-11,-1.26717e+06,0.0999589,2.69067e-08,3.71502e+06
41.927384,-6.3467e-05,7.62939e-11,-831875,0.0999605,3.04365e-08,3.28423e+06
42.037430,-5.33342e-05,8.10623e-11,-657941,0.0999603,3.19457e-08,3.12907e+06
42.147476,-5.19753e-05,7.15256e-11,-726667,0.0999598,3.28732e-08,3.04077e+06
42.257522,-5.21421e-05,8.22544e-11,-633913,0.0999606,3.36599e-08,2.96972e+06
42.367567,-5.24521e-05,7.15256e-11,-733333,0.0999589,3.42953e-08,2.91465e+06
42.477613,-5.20945e-05,8.34465e-11,-624286,0.0999578,3.46792e-08,2.88236e+06
42.587658,-5.13554e-05,6.67572e-11,-769286,0.0999573,3.51036e-08,2.8475e+06
42.697703,-5.12838e-05,8.34465e-11,-614571,0.0999575,3.54671e-08,2.81831e+06
42.807749,-5.26428e-05,7.27177e-11,-723934,0.0999559,3.58224e-08,2.79032e+06
42.917794,5.9998,7.86781e-11,7.62576e+10,0.0999566,2.18816e-07,456807
43.027839,5.99957,7.15256e-11,8.388e+10,0.0999596,2.07105e-07,482653
43.137885,5.99946,6.91414e-11,8.67709e+10,0.0999604,2.01526e-07,496018
43.247931,5.99947,6.55651e-11,9.1504e+10,0.0999595,1.97929e-07,505027
43.357977,-7.80344e-05,5.96046e-11,-1.3092e+06,0.0999608,2.66838e-08,3.74612e+06
43.468023,-6.37293e-05,7.03335e-11,-906102,0.0999596,3.01659e-08,3.31366e+06
43.578069,-5.72443e-05,7.98702e-11,-716716,0.099961,3.17562e-08,3.14777e+06
43.688115,-5.6386e-05,7.51018e-11,-750794,0.0999592,3.27957e-08,3.04794e+06
43.798160,-5.83649e-05,8.10623e-11,-720000,0.0999591,3.34728e-08,2.98628e+06
43.908206,-5.53608e-05,7.27177e-11,-761311,0.0999599,3.40319e-08,2.93724e+06
44.018251,-5.58853e-05,8.46386e-11,-660282,0.0999605,3.4585e-08,2.89029e+06
44.128297,-5.45025e-05,7.27177e-11,-749508,0.0999627,3.50046e-08,2.8557e+06
44.238343,-5.49555e-05,8.58307e-11,-640278,0.0999648,3.52633e-08,2.83481e+06
44.348389,-5.46455e-05,6.79493e-11,-804211,0.0999681,3.55935e-08,2.8086e+06
44.458434,5.99978,7.15256e-11,8.3883e+10,0.0999658,2.19104e-07,456247
44.568479,5.99956,6.79493e-11,8.82947e+10,0.0999639,2.0743e-07,481916
44.678524,5.99946,6.91414e-11,8.67709e+10,0.0999633,2.01931e-07,495037
44.788569,5.99945,6.4373e-11,9.31983e+10,0.0999631,1.98358e-07,503952
44.898614,-7.74384e-05,6.31809e-11,-1.22566e+06,0.0999672,2.65682e-08,3.76267e+06
45.008660,-5.88179e-05,6.67572e-11,-881071,0.0999686,3.00121e-08,3.33094e+06
45.118705,-5.30481e-05,7.86781e-11,-674242,0.0999698,3.15261e-08,3.17102e+06
45.228751,-5.52177e-05,6.67572e-11,-827143,0.09997,3.26025e-08,3.06633e+06
45.338797,-5.55515e-05,7.86781e-11,-706061,0.0999664,3.32475e-08,3.00674e+06
45.448843,-5.25713e-05,6.31809e-11,-832076,0.0999654,3.38447e-08,2.95365e+06
45.558889,-5.50509e-05,8.10623e-11,-679118,0.0999655,3.42739e-08,2.91667e+06
45.668934,-5.56469e-05,7.03335e-11,-791186,0.0999658,3.47102e-08,2.88002e+06
45.778980,-5.61714e-05,7.86781e-11,-713939,0.0999635,3.51906e-08,2.84063e+06
45.889026,-5.65529e-05,6.07967e-11,-930196,0.0999652,3.53837e-08,2.82518e+06
45.999072,5.99977,6.55651e-11,9.15087e+10,0.0999637,2.18278e-07,457965
46.109117,5.99954,6.4373e-11,9.31996e+10,0.0999624,2.06302e-07,484543
46.219163,5.99945,6.67572e-11,8.98696e+10,0.0999624,2.00669e-07,498147
46.329209,5.99941,6.79493e-11,8.82925e+10,0.0999604,1.97455e-07,506245
46.439255,-8.28743e-05,6.31809e-11,-1.3117e+06,0.0999594,2.64883e-08,3.77372e+06
46.549300,-6.53267e-05,7.27177e-11,-898361,0.0999623,2.99239e-08,3.34055e+06
46.659346,-5.92232e-05,7.98702e-11,-741493,0.0999618,3.14391e-08,3.17954e+06
46.769391,-5.79119e-05,6.67572e-11,-867500,0.099962,3.2438e-08,3.08163e+06
46.879437,-5.57423e-05,8.58307e-11,-649444,0.0999592,3.32201e-08,3.009e+06
46.989483,-5.22137e-05,6.79493e-11,-768421,0.0999629,3.36802e-08,2.968e+06
47.099528,-5.26428e-05,8.46386e-11,-621972,0.0999623,3.41046e-08,2.93105e+06
47.209574,-5.16176e-05,7.03335e-11,-733898,0.0999629,3.45564e-08,2.89275e+06
47.319620,-5.16415e-05,9.05991e-11,-570000,0.0999644,3.48735e-08,2.86649e+06
47.429666,-5.00441e-05,7.03335e-11,-711525,0.0999656,3.50833e-08,2.84938e+06
47.539711,5.99982,8.10623e-11,7.40149e+10,0.0999645,2.17376e-07,459869
47.649757,5.9996,7.62939e-11,7.8638e+10,0.0999617,2.06094e-07,485030
47.759803,5.99952,7.15256e-11,8.38793e+10,0.0999626,2.00598e-07,498322
47.869849,5.9995,6.79493e-11,8.82938e+10,0.0999608,1.97347e-07,506522
47.979895,-7.33614e-05,6.79493e-11,-1.07965e+06,0.0999588,2.62856e-08,3.80279e+06
48.089940,-5.2166e-05,6.31809e-11,-825660,0.0999596,2.97141e-08,3.36405e+06
48.199986,-4.85897e-05,7.98702e-11,-608358,0.0999603,3.10814e-08,3.21608e+06
48.310032,-4.7946e-05,6.31809e-11,-758868,0.0999597,3.20983e-08,3.11417e+06
48.420077,-4.93288e-05,8.22544e-11,-599710,0.0999591,3.2841e-08,3.04373e+06
48.530123,-4.78745e-05,6.55651e-11,-730182,0.0999604,3.34322e-08,2.98994e+06
48.640169,-4.69685e-05,8.46386e-11,-554930,0.0999618,3.38447e-08,2.95354e+06
48.750215,-4.43935e-05,6.79493e-11,-653333,0.0999616,3.4194e-08,2.92337e+06
48.860261,-4.52518e-05,8.82149e-11,-512973,0.0999617,3.45933e-08,2.88962e+06
48.970306,-4.58479e-05,5.84126e-11,-784898,0.0999603,3.4914e-08,2.86304e+06
49.080352,5.99987,7.39098e-11,8.11783e+10,0.099964,2.17142e-07,460362
49.190397,5.99962,6.79493e-11,8.82956e+10,0.0999652,2.05433e-07,486607
49.300443,5.99953,6.67572e-11,8.98709e+10,0.099962,2.0003e-07,499736
49.410489,5.99952,6.55651e-11,9.15048e+10,0.0999619,1.96782e-07,507982
49.520535,-6.89745e-05,6.4373e-11,-1.07148e+06,0.0999643,2.61378e-08,3.82451e+06
49.630581,-5.09977e-05,6.55651e-11,-777818,0.0999659,2.95007e-08,3.38859e+06
49.740627,-4.43697e-05,7.98702e-11,-555522,0.0999667,3.10039e-08,3.22432e+06
49.850673,-4.63486e-05,6.31809e-11,-733585,0.0999665,3.19684e-08,3.12704e+06
49.960719,-4.72784e-05,8.10623e-11,-583235,0.0999665,3.2624e-08,3.0642e+06
50.070765,-4.82082e-05,6.31809e-11,-763019,0.0999645,3.32487e-08,3.00657e+06
50.180810,-4.78268e-05,8.82149e-11,-542162,0.099963,3.36814e-08,2.9679e+06
50.290856,-4.79698e-05,6.31809e-11,-759245,0.0999607,3.40962e-08,2.93172e+06
50.400902,-4.62055e-05,8.22544e-11,-561739,0.09996,3.43776e-08,2.90771e+06
50.510948,-4.69685e-05,6.19888e-11,-757692,0.0999593,3.47304e-08,2.87815e+06
50.620994,5.99985,7.39098e-11,8.11781e+10,0.0999589,2.16322e-07,462084
50.731039,5.99963,7.27177e-11,8.25058e+10,0.0999595,2.04401e-07,489036
50.841084,5.99954,7.39098e-11,8.11738e+10,0.0999572,1.99404e-07,501280
50.951129,5.99951,7.03335e-11,8.53009e+10,0.0999598,1.95681e-07,510831
51.061175,-7.42912e-05,6.4373e-11,-1.15407e+06,0.0999621,2.58708e-08,3.8639e+06
51.171220,-5.71012e-05,6.79493e-11,-840351,0.0999615,2.92182e-08,3.42121e+06
51.281266,-5.04732e-05,8.46386e-11,-596338,0.0999604,3.06761e-08,3.25857e+06
51.391311,-4.98533e-05,6.4373e-11,-774444,0.0999623,3.1606e-08,3.16277e+06
51.501357,-4.92096e-05,7.98702e-11,-616119,0.0999644,3.24738e-08,3.07831e+06
51.611403,-4.58479e-05,6.07967e-11,-754118,0.0999675,3.29244e-08,3.03627e+06
51.721449,-4.51326e-05,8.10623e-11,-556765,0.0999678,3.34394e-08,2.98952e+06
51.831495,-4.62055e-05,7.03335e-11,-656949,0.0999667,3.37982e-08,2.95775e+06
51.941540,-4.63963e-05,9.05991e-11,-512105,0.099964,3.42798e-08,2.91612e+06
52.051586,-4.63724e-05,6.79493e-11,-682456,0.0999675,3.45838e-08,2.89059e+06
52.161632,5.99985,7.86781e-11,7.62581e+10,0.0999664,2.16323e-07,462116
52.271678,5.9996,7.86781e-11,7.6255e+10,0.0999679,2.04297e-07,489325
52.381724,5.99953,7.62939e-11,7.86371e+10,0.099969,1.99124e-07,502045
52.491770,5.99951,7.98702e-11,7.51157e+10,0.0999698,1.95493e-07,511374
52.601815,-7.39574e-05,7.39098e-11,-1.00065e+06,0.0999691,2.58172e-08,3.8722e+06
52.711860,-5.66959e-05,7.51018e-11,-754921,0.099966,2.91991e-08,3.4236e+06
52.821905,-4.9758e-05,8.82149e-11,-564054,0.0999672,3.06582e-08,3.2607e+06
52.931950,-5.12362e-05,7.27177e-11,-704590,0.0999693,3.15177e-08,3.17184e+06
53.041996,-5.05686e-05,9.05991e-11,-558158,0.0999692,3.22223e-08,3.10249e+06
53.152041,-5.13792e-05,7.27177e-11,-706557,0.0999666,3.26836e-08,3.05862e+06
53.262086,-4.97341e-05,8.70228e-11,-571507,0.0999649,3.31676e-08,3.01393e+06
53.372132,-4.96626e-05,6.55651e-11,-757455,0.099965,3.35944e-08,2.97565e+06
53.482178,-4.93288e-05,7.62939e-11,-646563,0.0999668,3.38733e-08,2.9512e+06
53.592223,-4.81606e-05,6.67572e-11,-721429,0.0999677,3.41701e-08,2.92559e+06
53.702269,5.99986,7.86781e-11,7.62583e+10,0.099967,2.15597e-07,463675
53.812315,5.99963,7.62939e-11,7.86384e+10,0.0999639,2.03602e-07,490976
53.922361,5.99952,7.62939e-11,7.8637e+10,0.0999658,1.98357e-07,503969
54.032407,5.99947,7.03335e-11,8.53004e+10,0.0999727,1.94927e-07,512872
54.142453,-7.81775e-05,6.91414e-11,-1.13069e+06,0.0999722,2.55752e-08,3.90896e+06
54.252499,-6.28233e-05,7.51018e-11,-836508,0.099973,2.8944e-08,3.45401e+06
54.362545,-5.50985e-05,8.34465e-11,-660286,0.0999722,3.03745e-08,3.29132e+06
54.472591,-5.36919e-05,7.03335e-11,-763390,0.0999673,3.12662e-08,3.1973e+06
54.582637,-5.64098e-05,8.70228e-11,-648219,0.0999647,3.20601e-08,3.11804e+06
54.692682,-5.44548e-05,7.15256e-11,-761333,0.0999661,3.26157e-08,3.06497e+06
54.802728,-5.29289e-05,8.46386e-11,-625352,0.0999634,3.30281e-08,3.02661e+06
54.912773,-5.00679e-05,7.27177e-11,-688525,0.0999641,3.33941e-08,2.99347e+06
55.022818,-4.92334e-05,8.82149e-11,-558108,0.0999682,3.38042e-08,2.95727e+06
55.132864,-5.05924e-05,7.15256e-11,-707333,0.0999679,3.41201e-08,2.92988e+06
55.242909,5.99981,7.62939e-11,7.86407e+10,0.0999666,2.14775e-07,465449
55.352955,5.99959,7.15256e-11,8.38804e+10,0.0999653,2.03129e-07,492127
55.463000,5.99951,7.62939e-11,7.86368e+10,0.0999641,1.97666e-07,505723
55.573045,5.9995,7.62939e-11,7.86367e+10,0.0999616,1.93944e-07,515415
55.683091,-7.56741e-05,6.67572e-11,-1.13357e+06,0.0999631,2.54118e-08,3.93372e+06
55.793136,-5.67913e-05,6.79493e-11,-835790,0.0999634,2.87521e-08,3.47673e+06
55.903182,-4.81367e-05,8.22544e-11,-585217,0.0999657,3.01158e-08,3.31937e+06
56.013228,-4.64678e-05,6.91414e-11,-672069,0.099967,3.10874e-08,3.21568e+06
56.123273,-4.96149e-05,8.58307e-11,-578056,0.0999643,3.18193e-08,3.14162e+06
56.233318,-4.95434e-05,6.4373e-11,-769630,0.0999668,3.24976e-08,3.07612e+06
56.343363,-5.26428e-05,7.86781e-11,-669091,0.0999647,3.29602e-08,3.03289e+06
56.453409,-5.26905e-05,6.4373e-11,-818519,0.0999653,3.33452e-08,2.99789e+06
56.563455,-5.39064e-05,7.98702e-11,-674925,0.0999659,3.36707e-08,2.96893e+06
56.673501,-5.3072e-05,6.67572e-11,-795000,0.0999634,3.39115e-08,2.94778e+06
56.783547,5.99982,6.67572e-11,8.98753e+10,0.0999635,2.14359e-07,466338
56.893593,5.99959,6.55651e-11,9.15059e+10,0.099966,2.02594e-07,493431
57.003639,5.99951,6.79493e-11,8.82939e+10,0.0999662,1.97433e-07,506329
57.113685,5.99947,6.55651e-11,9.1504e+10,0.0999691,1.93524e-07,516571
57.223731,-7.96795e-05,5.96046e-11,-1.3368e+06,0.0999686,2.53165e-08,3.94876e+06
57.333776,-5.97954e-05,6.91414e-11,-864828,0.0999696,2.87223e-08,3.48056e+06
57.443822,-4.96626e-05,8.70228e-11,-570685,0.0999674,3.01099e-08,3.32009e+06
57.553867,-5.09977e-05,7.03335e-11,-725085,0.0999708,3.0973e-08,3.22768e+06
57.663913,-5.07832e-05,8.82149e-11,-575676,0.0999693,3.15881e-08,3.16478e+06
57.773959,-5.0211e-05,6.67572e-11,-752143,0.0999641,3.21543e-08,3.10889e+06
57.884005,-4.76837e-05,8.46386e-11,-563380,0.0999617,3.25835e-08,3.06787e+06
57.994051,-5.03063e-05,6.4373e-11,-781482,0.0999631,3.29673e-08,3.03219e+06
58.104097,-4.90665e-05,8.22544e-11,-596522,0.0999646,3.33822e-08,2.99455e+06
58.214143,-4.92573e-05,6.55651e-11,-751273,0.0999643,3.37231e-08,2.96427e+06
58.324188,5.99987,6.55651e-11,9.15101e+10,0.0999646,2.13777e-07,467612
58.434234,5.99963,7.15256e-11,8.38809e+10,0.0999654,2.01746e-07,495501
58.544280,5.99954,7.27177e-11,8.25046e+10,0.0999646,1.96533e-07,508640
58.654326,5.99952,6.67572e-11,8.98708e+10,0.0999633,1.92602e-07,519016
58.764371,-7.20501e-05,6.91414e-11,-1.04207e+06,0.0999645,2.49767e-08,4.0023e+06
58.874416,-5.53608e-05,7.15256e-11,-774000,0.0999652,2.823e-08,3.54111e+06
58.984462,-4.87566e-05,8.9407e-11,-545333,0.0999656,2.97582e-08,3.35926e+06
59.094508,-4.78506e-05,6.19888e-11,-771923,0.0999667,3.07143e-08,3.25473e+06
59.204554,-4.78983e-05,8.46386e-11,-565916,0.0999658,3.14367e-08,3.17991e+06
59.314600,-4.76122e-05,6.55651e-11,-726182,0.0999627,3.19815e-08,3.12565e+06
59.424645,-5.19037e-05,8.70228e-11,-596438,0.0999607,3.24893e-08,3.07673e+06
59.534691,-5.20229e-05,6.55651e-11,-793455,0.0999607,3.28338e-08,3.04444e+06
59.644736,-5.15461e-05,8.82149e-11,-584324,0.0999593,3.32618e-08,3.00523e+06
59.754782,-4.8995e-05,6.07967e-11,-805882,0.0999596,3.35455e-08,2.97982e+06
59.864828,5.99984,7.03335e-11,8.53057e+10,0.0999581,2.14082e-07,466915
59.974874,5.99965,6.67572e-11,8.98727e+10,0.0999597,2.02212e-07,494330
60.084920,5.99957,6.55651e-11,9.15055e+10,0.0999589,1.96666e-07,508269
60.194966,5.99954,6.79493e-11,8.82944e+10,0.0999586,1.92916e-07,518145
60.305011,-7.52449e-05,6.55651e-11,-1.14764e+06,0.0999603,2.50053e-08,3.99756e+06
60.415056,-5.40733e-05,6.31809e-11,-855849,0.0999603,2.81823e-08,3.54692e+06
60.525102,-4.92334e-05,8.34465e-11,-590000,0.0999653,2.9614e-08,3.37561e+06
60.635148,-5.06878e-05,6.4373e-11,-787407,0.0999651,3.05355e-08,3.27374e+06
60.745193,-5.00679e-05,8.58307e-11,-583333,0.0999663,3.14248e-08,3.18113e+06
60.855239,-4.86851e-05,5.96046e-11,-816800,0.0999652,3.19374e-08,3.13004e+06
60.965284,-4.82321e-05,7.86781e-11,-613030,0.0999669,3.22926e-08,3.09566e+06
61.075329,-4.57764e-05,5.72205e-11,-800000,0.0999703,3.27253e-08,3.05483e+06
61.185374,-4.83751e-05,8.10623e-11,-596765,0.0999697,3.30949e-08,3.0207e+06
61.295419,-4.78029e-05,6.07967e-11,-786275,0.099968,3.34072e-08,2.99241e+06
61.405464,5.99984,6.4373e-11,9.32043e+10,0.0999645,2.13948e-07,467236
61.515509,5.99962,6.55651e-11,9.15063e+10,0.0999635,2.02196e-07,494390
61.625555,5.99953,6.67572e-11,8.98709e+10,0.0999625,1.96859e-07,507788
61.735601,5.99949,6.55651e-11,9.15043e+10,0.0999622,1.92831e-07,518394
61.845648,-7.72715e-05,6.31809e-11,-1.22302e+06,0.0999614,2.49004e-08,4.01444e+06
61.955693,-5.81741e-05,6.4373e-11,-903704,0.0999627,2.81239e-08,3.55437e+06
62.065739,-5.2762e-05,7.98702e-11,-660597,0.0999641,2.95222e-08,3.38607e+06
62.175784,-5.4431e-05,6.19888e-11,-878077,0.0999629,3.0452e-08,3.28264e+06
62.285830,-5.46694e-05,7.86781e-11,-694849,0.0999637,3.1153e-08,3.2088e+06
62.395875,-5.35965e-05,6.31809e-11,-848302,0.0999611,3.17299e-08,3.15037e+06
62.505921,-5.56231e-05,8.22544e-11,-676232,0.099961,3.21782e-08,3.10649e+06
62.615967,-5.31435e-05,6.4373e-11,-825556,0.0999634,3.26383e-08,3.06276e+06
62.726012,-5.20468e-05,8.34465e-11,-623714,0.0999648,3.29685e-08,3.03213e+06
62.836057,-5.0354e-05,5.96046e-11,-844800,0.0999649,3.3257e-08,3.00583e+06
62.946103,5.99982,7.15256e-11,8.38836e+10,0.0999634,2.13093e-07,469108
63.056149,5.99959,6.79493e-11,8.82952e+10,0.0999642,2.00869e-07,497659
63.166195,5.99952,7.39098e-11,8.11735e+10,0.0999636,1.95874e-07,510347
63.276240,5.99947,6.67572e-11,8.987e+10,0.0999642,1.92567e-07,519114
63.386285,-7.67469e-05,6.91414e-11,-1.11e+06,0.0999651,2.47788e-08,4.03429e+06
63.496330,-5.90563e-05,6.31809e-11,-934717,0.0999639,2.80464e-08,3.56424e+06
63.606376,-4.95911e-05,8.34465e-11,-594286,0.0999628,2.94948e-08,3.38917e+06
63.716422,-4.86851e-05,6.19888e-11,-785385,0.0999608,3.04461e-08,3.28321e+06
63.826468,-5.11885e-05,8.22544e-11,-622319,0.0999612,3.11005e-08,3.21413e+06
63.936513,-5.17845e-05,6.31809e-11,-819623,0.099964,3.16823e-08,3.15521e+06
64.046559,-5.16415e-05,8.22544e-11,-627826,0.0999655,3.21972e-08,3.10479e+06
64.156604,-5.2166e-05,6.19888e-11,-841538,0.0999689,3.25561e-08,3.07067e+06
64.266649,-5.30243e-05,8.70228e-11,-609315,0.0999688,3.28612e-08,3.04215e+06
64.376694,-5.095e-05,6.79493e-11,-749825,0.0999689,3.31092e-08,3.01937e+06
64.486740,5.99983,8.34465e-11,7.19003e+10,0.0999692,2.13299e-07,468682
64.596785,5.99962,7.98702e-11,7.51171e+10,0.0999679,2.01807e-07,495364
64.706831,5.9995,7.86781e-11,7.62537e+10,0.0999634,1.96211e-07,509468
64.816876,5.99947,7.62939e-11,7.86363e+10,0.0999646,1.92469e-07,519379
64.926922,-7.8249e-05,7.27177e-11,-1.07607e+06,0.0999637,2.48206e-08,4.02746e+06
65.036968,-5.94616e-05,7.03335e-11,-845424,0.0999657,2.80488e-08,3.564e+06
65.147013,-5.26667e-05,9.05991e-11,-581316,0.0999674,2.94304e-08,3.39674e+06
65.257059,-5.20706e-05,6.4373e-11,-808889,0.0999673,3.03781e-08,3.29077e+06
65.367104,-5.17845e-05,8.9407e-11,-579200,0.0999656,3.09908e-08,3.22565e+06
65.477150,-5.05686e-05,6.91414e-11,-731379,0.0999651,3.15833e-08,3.16513e+06
65.587195,-5.19037e-05,9.05991e-11,-572895,0.0999663,3.20411e-08,3.11994e+06
65.697240,-4.98533e-05,6.91414e-11,-721035,0.0999676,3.23713e-08,3.08816e+06
65.807285,-4.85897e-05,9.53674e-11,-509500,0.099964,3.27551e-08,3.05186e+06
65.917331,-5.05686e-05,7.27177e-11,-695410,0.0999656,3.304e-08,3.02559e+06
66.027377,5.99981,8.22544e-11,7.29421e+10,0.0999681,2.13302e-07,468668
66.137423,5.99961,7.39098e-11,8.11748e+10,0.0999666,2.01538e-07,496020
66.247469,5.99951,7.7486e-11,7.7427e+10,0.0999654,1.96277e-07,509308
66.357514,5.9995,7.51018e-11,7.98848e+10,0.0999677,1.92463e-07,519411
66.467559,-7.8702e-05,7.7486e-11,-1.01569e+06,0.0999696,2.45869e-08,4.06597e+06
66.577605,-6.02961e-05,7.62939e-11,-790313,0.0999718,2.78294e-08,3.59231e+06
66.687651,-5.23806e-05,9.53674e-11,-549250,0.0999719,2.92587e-08,3.41682e+06
66.797697,-5.03063e-05,7.51018e-11,-669841,0.099969,3.02243e-08,3.30757e+06
66.907743,-5.15461e-05,9.29832e-11,-554359,0.0999687,3.09944e-08,3.22538e+06
67.017789,-5.46694e-05,6.79493e-11,-804561,0.0999674,3.14116e-08,3.18249e+06
67.127835,-5.33104e-05,9.05991e-11,-588421,0.0999652,3.17967e-08,3.14389e+06
67.237881,-5.60045e-05,6.91414e-11,-810000,0.0999681,3.23296e-08,3.09216e+06
67.347927,-5.67198e-05,8.70228e-11,-651781,0.0999673,3.26693e-08,3.05998e+06
67.457972,-5.76019e-05,6.67572e-11,-862857,0.0999694,3.30698e-08,3.02298e+06
67.568017,5.99978,8.22544e-11,7.29417e+10,0.0999665,2.12982e-07,469367
67.678063,5.99958,7.7486e-11,7.74278e+10,0.099966,2.00764e-07,497928
67.788109,5.99949,7.7486e-11,7.74267e+10,0.0999665,1.95163e-07,512219
67.898155,5.99947,6.67572e-11,8.987e+10,0.0999661,1.91797e-07,521208
68.008200,-7.92265e-05,6.79493e-11,-1.16597e+06,0.0999673,2.45357e-08,4.07437e+06
68.118245,-6.27518e-05,6.55651e-11,-957091,0.0999664,2.77567e-08,3.60152e+06
68.228290,-5.62191e-05,8.34465e-11,-673714,0.0999665,2.9192e-08,3.42445e+06
68.338336,-5.76735e-05,6.19888e-11,-930385,0.0999679,3.02112e-08,3.30897e+06
68.448382,-5.63145e-05,8.82149e-11,-638378,0.0999686,3.08967e-08,3.23558e+06
68.558428,-5.64575e-05,6.55651e-11,-861091,0.0999679,3.13592e-08,3.18783e+06
68.668473,-5.71251e-05,8.10623e-11,-704706,0.0999692,3.18396e-08,3.13978e+06
68.778518,-5.65529e-05,6.4373e-11,-878519,0.0999702,3.21543e-08,3.10907e+06
68.888564,-5.30481e-05,8.46386e-11,-626761,0.0999716,3.25799e-08,3.06851e+06
68.998610,-5.18322e-05,6.19888e-11,-836154,0.099971,3.28314e-08,3.04498e+06
69.108656,5.99982,7.27177e-11,8.25084e+10,0.0999727,2.11955e-07,471669
69.218702,5.99962,7.03335e-11,8.53025e+10,0.0999733,2.00405e-07,498856
69.328748,5.99951,7.39098e-11,8.11735e+10,0.0999716,1.95059e-07,512521
69.438794,5.99948,7.15256e-11,8.38788e+10,0.099971,1.91438e-07,522210
69.548839,-7.91073e-05,7.27177e-11,-1.08787e+06,0.0999706,2.45214e-08,4.07688e+06
69.658884,-6.09159e-05,7.15256e-11,-851667,0.0999725,2.77209e-08,3.60639e+06
69.768929,-5.2166e-05,8.70228e-11,-599452,0.099972,2.91181e-08,3.43333e+06
69.878974,-5.01633e-05,6.31809e-11,-793962,0.0999702,3.01039e-08,3.32084e+06
69.989019,-5.03302e-05,8.70228e-11,-578356,0.0999674,3.07453e-08,3.25147e+06
70.099064,-4.85659e-05,6.31809e-11,-768679,0.0999672,3.12972e-08,3.19413e+06
70.209109,-4.84705e-05,8.22544e-11,-589275,0.0999703,3.18527e-08,3.13852e+06
70.319154,-4.75168e-05,6.79493e-11,-699298,0.0999742,3.21317e-08,3.11139e+06
70.429199,-4.8399e-05,9.41753e-11,-513924,0.0999736,3.25418e-08,3.07216e+06
70.539244,-4.75168e-05,6.55651e-11,-724727,0.0999727,3.27349e-08,3.05401e+06
70.649289,5.99986,8.22544e-11,7.29427e+10,0.0999639,2.12375e-07,470696
70.759335,5.99965,7.15256e-11,8.38811e+10,0.0999636,2.00849e-07,497707
70.869380,5.99955,7.51018e-11,7.98855e+10,0.0999629,1.95268e-07,511926
70.979426,5.99955,7.15256e-11,8.38798e+10,0.099964,1.9202e-07,520592
71.089472,-7.03335e-05,7.03335e-11,-1e+06,0.0999652,2.44546e-08,4.08779e+06
71.199517,-5.29528e-05,6.67572e-11,-793214,0.0999628,2.75755e-08,3.62506e+06
71.309563,-4.6277e-05,8.46386e-11,-546761,0.0999686,2.90656e-08,3.43941e+06
71.419609,-4.76122e-05,6.55651e-11,-726182,0.0999649,2.99585e-08,3.33678e+06
71.529655,-4.97103e-05,8.82149e-11,-563514,0.0999646,3.05915e-08,3.26773e+06
71.639700,-4.89235e-05,6.55651e-11,-746182,0.0999664,3.1116e-08,3.2127e+06
71.749745,-4.99249e-05,8.58307e-11,-581667,0.0999658,3.15809e-08,3.16539e+06
71.859790,-4.75645e-05,6.19888e-11,-767308,0.0999654,3.18909e-08,3.13461e+06
71.969835,-4.62532e-05,8.82149e-11,-524324,0.0999621,3.22521e-08,3.0994e+06
72.079881,-4.81844e-05,5.96046e-11,-808400,0.099962,3.25489e-08,3.07113e+06
72.189926,5.99983,7.03335e-11,8.53055e+10,0.099969,2.11606e-07,472430
72.299971,5.99962,6.79493e-11,8.82956e+10,0.0999668,1.99827e-07,500267
72.410016,5.99952,7.62939e-11,7.86369e+10,0.0999654,1.94602e-07,513691
72.520062,5.9995,7.51018e-11,7.98848e+10,0.0999671,1.90697e-07,524220
72.630107,-7.63893e-05,7.39098e-11,-1.03355e+06,0.0999674,2.42853e-08,4.11637e+06
72.740152,-5.91993e-05,7.27177e-11,-814098,0.0999674,2.75183e-08,3.63276e+06
72.850197,-5.05924e-05,9.41753e-11,-537215,0.0999677,2.87902e-08,3.47228e+06
72.960242,-5.22614e-05,6.31809e-11,-827170,0.099967,2.96736e-08,3.36889e+06
73.070287,-5.42641e-05,8.9407e-11,-606933,0.0999667,3.04878e-08,3.27891e+06
73.180332,-5.19991e-05,6.4373e-11,-807778,0.099967,3.10195e-08,3.22272e+06
73.290378,-5.38111e-05,8.70228e-11,-618356,0.0999646,3.14879e-08,3.1747e+06
73.400423,-5.5337e-05,7.03335e-11,-786780,0.0999671,3.18432e-08,3.13936e+06
73.510468,-5.37872e-05,8.70228e-11,-618082,0.0999652,3.22115e-08,3.1034e+06
73.620513,-5.50747e-05,6.4373e-11,-855556,0.0999641,3.25787e-08,3.06839e+06
73.730559,5.99977,7.62939e-11,7.86403e+10,0.0999647,2.11869e-07,471822
73.840604,5.99955,7.27177e-11,8.25047e+10,0.0999648,1.99829e-07,500251
73.950649,5.99945,7.86781e-11,7.62531e+10,0.0999643,1.94528e-07,513881
74.060694,5.9994,7.15256e-11,8.38777e+10,0.0999636,1.90837e-07,523815
74.170739,-8.59499e-05,6.67572e-11,-1.2875e+06,0.0999633,2.42674e-08,4.11923e+06
74.280785,-6.89507e-05,7.27177e-11,-948197,0.0999648,2.74992e-08,3.63519e+06
74.390831,-6.1512e-05,8.46386e-11,-726761,0.0999651,2.88486e-08,3.46516e+06
74.500876,-5.66244e-05,6.67572e-11,-848214,0.0999661,2.97284e-08,3.36265e+06
74.610921,-5.95808e-05,8.34465e-11,-714000,0.0999675,3.04484e-08,3.28317e+06
74.720967,-5.92709e-05,7.15256e-11,-828667,0.0999686,3.09741e-08,3.22749e+06
74.831012,-5.94616e-05,8.70228e-11,-683288,0.0999674,3.1451e-08,3.17851e+06
74.941058,-6.06537e-05,7.51018e-11,-807619,0.0999664,3.18348e-08,3.14016e+06
75.051103,-6.24657e-05,9.05991e-11,-689474,0.099967,3.22151e-08,3.10311e+06
75.161148,-5.95331e-05,7.39098e-11,-805484,0.0999694,3.24643e-08,3.07937e+06
75.271193,5.99974,8.34465e-11,7.18993e+10,0.0999679,2.10996e-07,473791
75.381238,5.99954,7.86781e-11,7.62542e+10,0.0999696,1.99145e-07,501994
75.491284,5.99945,8.10623e-11,7.40104e+10,0.0999696,1.94049e-07,515178
75.601329,5.99943,7.7486e-11,7.7426e+10,0.0999654,1.90452e-07,524884
75.711374,-8.13484e-05,7.15256e-11,-1.13733e+06,0.0999621,2.42186e-08,4.1275e+06
75.821419,-6.23941e-05,7.03335e-11,-887119,0.0999604,2.73859e-08,3.65006e+06
75.931464,-5.40972e-05,8.9407e-11,-605067,0.099962,2.86651e-08,3.48724e+06
76.041510,-5.24998e-05,7.27177e-11,-721967,0.0999627,2.9577e-08,3.37974e+06
76.151555,-5.28336e-05,9.05991e-11,-583158,0.0999623,3.0328e-08,3.29604e+06
76.261601,-5.08785e-05,6.91414e-11,-735862,0.0999609,3.07834e-08,3.24723e+06
76.371646,-5.44548e-05,8.82149e-11,-617297,0.0999605,3.12543e-08,3.1983e+06
76.481692,-5.34534e-05,6.91414e-11,-773103,0.0999612,3.16954e-08,3.15381e+06
76.591738,-5.06878e-05,9.29832e-11,-545128,0.0999601,3.19827e-08,3.12545e+06
76.701784,-5.07832e-05,6.67572e-11,-760714,0.0999599,3.23093e-08,3.09385e+06
76.811829,5.99982,7.86781e-11,7.62578e+10,0.09996,2.10937e-07,473885
76.921874,5.9996,7.27177e-11,8.25054e+10,0.0999592,1.99424e-07,501239
77.031920,5.9995,7.39098e-11,8.11733e+10,0.0999594,1.94205e-07,514710
77.141966,5.99946,7.15256e-11,8.38785e+10,0.0999567,1.90403e-07,524973
77.252011,-8.1706e-05,7.03335e-11,-1.16169e+06,0.0999573,2.41685e-08,4.13585e+06
77.362056,-6.36816e-05,7.51018e-11,-847937,0.0999567,2.73168e-08,3.65916e+06
77.472101,-5.58853e-05,8.58307e-11,-651111,0.0999555,2.87402e-08,3.4779e+06
77.582146,-5.67913e-05,6.55651e-11,-866182,0.0999556,2.96187e-08,3.37474e+06
77.692191,-5.70774e-05,8.46386e-11,-674366,0.09996,3.01754e-08,3.31263e+06
77.802236,-5.7745e-05,6.91414e-11,-835172,0.0999606,3.07095e-08,3.25504e+06
77.912282,-5.67198e-05,8.82149e-11,-642973,0.0999611,3.1178e-08,3.20614e+06
78.022327,-5.66483e-05,6.79493e-11,-833684,0.0999604,3.15046e-08,3.17288e+06
78.132372,-5.64814e-05,8.82149e-11,-640270,0.0999606,3.18539e-08,3.1381e+06
78.242417,-5.60045e-05,6.55651e-11,-854182,0.0999601,3.21865e-08,3.10565e+06
78.352463,5.99976,7.7486e-11,7.74302e+10,0.0999563,2.10524e-07,474798
78.462509,5.99952,7.27177e-11,8.25044e+10,0.0999554,1.98864e-07,502632
78.572555,5.99944,7.62939e-11,7.86359e+10,0.0999506,1.9377e-07,515821
78.682601,5.99941,6.91414e-11,8.67702e+10,0.0999472,1.90039e-07,525931
78.792647,-8.37088e-05,6.79493e-11,-1.23193e+06,0.0999474,2.4122e-08,4.14341e+06
78.902692,-6.52313e-05,7.27177e-11,-897049,0.0999471,2.7324e-08,3.65786e+06
79.012737,-5.65767e-05,8.70228e-11,-650137,0.0999486,2.86591e-08,3.4875e+06
79.122783,-5.4574e-05,7.03335e-11,-775932,0.0999512,2.9465e-08,3.3922e+06
79.232828,-5.46932e-05,9.29832e-11,-588205,0.099956,3.01862e-08,3.31132e+06
79.342874,-5.55754e-05,6.79493e-11,-817895,0.0999557,3.07798e-08,3.24744e+06
79.452920,-5.77688e-05,9.29832e-11,-621282,0.0999532,3.12197e-08,3.2016e+06
79.562965,-5.67436e-05,7.15256e-11,-793333,0.0999498,3.16179e-08,3.16118e+06
79.673010,-5.59807e-05,8.82149e-11,-634595,0.0999503,3.20041e-08,3.12304e+06
79.783055,-5.50985e-05,7.27177e-11,-757705,0.0999509,3.22592e-08,3.09837e+06
79.893100,5.9998,8.10623e-11,7.40147e+10,0.0999504,2.1052e-07,474778
80.003145,5.99957,7.51018e-11,7.98858e+10,0.0999504,1.98503e-07,503522
80.113191,5.99949,7.51018e-11,7.98848e+10,0.0999509,1.92976e-07,517945
80.223236,5.99949,7.15256e-11,8.3879e+10,0.0999519,1.89353e-07,527860
80.333281,-7.53164e-05,7.62939e-11,-987188,0.0999553,2.39694e-08,4.17012e+06
80.443326,-5.83172e-05,6.79493e-11,-858246,0.099954,2.70402e-08,3.69649e+06
80.553372,-5.00441e-05,8.82149e-11,-567297,0.099953,2.84207e-08,3.51691e+06
80.663417,-5.08547e-05,5.84126e-11,-870612,0.0999533,2.92969e-08,3.41174e+06
80.773463,-5.20945e-05,8.34465e-11,-624286,0.0999551,2.99036e-08,3.34257e+06
80.883508,-5.20229e-05,6.4373e-11,-808148,0.0999569,3.04961e-08,3.27769e+06
80.993554,-5.30005e-05,8.22544e-11,-644348,0.0999572,3.09789e-08,3.22662e+06
81.103599,-5.43356e-05,5.96046e-11,-911600,0.0999579,3.13127e-08,3.19225e+06
81.213645,-5.53846e-05,8.10623e-11,-683235,0.0999549,3.16036e-08,3.16277e+06
81.323691,-5.4431e-05,6.31809e-11,-861510,0.0999546,3.17502e-08,3.14816e+06
81.433736,5.9998,7.62939e-11,7.86406e+10,0.0999532,2.09619e-07,476833
81.543781,5.99958,7.51018e-11,7.98859e+10,0.0999534,1.97873e-07,505139
81.653827,5.99949,6.91414e-11,8.67713e+10,0.0999535,1.92875e-07,518230
81.763872,5.99945,7.03335e-11,8.53001e+10,0.099954,1.88669e-07,529785
81.873918,-8.14915e-05,6.67572e-11,-1.22071e+06,0.0999513,2.3849e-08,4.191e+06
81.983963,-6.62327e-05,6.4373e-11,-1.02889e+06,0.0999503,2.69878e-08,3.70354e+06
82.094008,-5.73635e-05,8.22544e-11,-697391,0.0999524,2.83849e-08,3.52132e+06
82.204054,-5.39541e-05,5.36442e-11,-1.00578e+06,0.0999526,2.92528e-08,3.41686e+06
82.314099,-5.35011e-05,7.51018e-11,-712381,0.0999513,2.98774e-08,3.34538e+06
82.424145,-5.36919e-05,5.60284e-11,-958298,0.0999512,3.04055e-08,3.28727e+06
82.534190,-5.31912e-05,8.10623e-11,-656176,0.0999517,3.08657e-08,3.23828e+06
82.644236,-5.33342e-05,5.36442e-11,-994222,0.099951,3.12185e-08,3.20166e+06
82.754281,-5.20468e-05,8.58307e-11,-606389,0.0999528,3.15118e-08,3.17192e+06
82.864327,-5.32866e-05,5.84126e-11,-912245,0.0999532,3.18742e-08,3.13587e+06
82.974373,-5.14984e-05,8.22544e-11,-626087,0.0999549,3.21305e-08,3.11091e+06
83.084419,-5.04971e-05,6.07967e-11,-830588,0.0999542,3.23236e-08,3.0923e+06
83.194465,-4.97103e-05,8.82149e-11,-563514,0.0999526,3.26204e-08,3.06411e+06
83.304510,-4.8542e-05,6.4373e-11,-754074,0.0999531,3.27432e-08,3.05264e+06
83.414556,-4.81606e-05,8.22544e-11,-585507,0.0999555,3.29483e-08,3.03371e+06
83.524601,-4.95672e-05,6.07967e-11,-815294,0.0999533,3.32105e-08,3.00969e+06
83.634647,-5.14984e-05,8.46386e-11,-608451,0.0999512,3.3375e-08,2.99479e+06
83.744693,-4.96149e-05,6.55651e-11,-756727,0.0999499,3.3462e-08,2.98696e+06
83.854739,-4.99487e-05,8.9407e-11,-558667,0.0999523,3.36111e-08,2.97379e+06
83.964785,-5.01394e-05,6.31809e-11,-793585,0.0999532,3.38364e-08,2.95402e+06
84.074831,-4.99725e-05,8.9407e-11,-558933,0.0999544,3.39532e-08,2.94389e+06
84.184877,-4.84467e-05,6.55651e-11,-738909,0.0999541,3.41225e-08,2.92927e+06
84.294922,-4.66585e-05,9.17912e-11,-508312,0.0999572,3.41988e-08,2.92283e+06
84.404968,-4.81129e-05,6.07967e-11,-791373,0.0999556,3.43776e-08,2.90758e+06
84.515014,-4.82798e-05,8.82149e-11,-547297,0.0999547,3.44384e-08,2.90242e+06
84.625060,-4.66585e-05,6.55651e-11,-711636,0.0999526,3.45552e-08,2.89255e+06
84.735106,-4.74691e-05,9.05991e-11,-523947,0.0999529,3.4672e-08,2.88281e+06
84.845152,-4.97818e-05,6.19888e-11,-803077,0.0999554,3.47793e-08,2.87399e+06
84.955197,-5.09977e-05,8.70228e-11,-586027,0.0999546,3.48556e-08,2.86768e+06
85.065243,-4.95195e-05,6.19888e-11,-798846,0.0999555,3.50177e-08,2.85442e+06
85.175289,-5.09262e-05,8.70228e-11,-585206,0.0999563,3.51679e-08,2.84226e+06
85.285334,-4.93288e-05,6.19888e-11,-795769,0.0999611,3.51441e-08,2.84432e+06
85.395380,-4.74453e-05,8.46386e-11,-560563,0.099957,3.51572e-08,2.84314e+06
85.505426,-4.89473e-05,5.72205e-11,-855417,0.0999577,3.53277e-08,2.82944e+06
85.615471,-5.02825e-05,8.58307e-11,-585833,0.0999547,3.54457e-08,2.81994e+06
85.725516,-4.93765e-05,5.84126e-11,-845306,0.0999555,3.54815e-08,2.81712e+06
85.835562,-5.15699e-05,8.82149e-11,-584595,0.0999568,3.55923e-08,2.80838e+06
85.945608,-9.9996,5.36442e-11,-1.86406e+11,0.0999582,1.52707e-09,6.54575e+07
86.055653,-9.9996,6.19888e-11,-1.61313e+11,0.0999572,2.03729e-09,4.90639e+07
86.165699,-9.99978,6.4373e-11,-1.55341e+11,0.0999598,2.32935e-09,4.29132e+07
86.275745,-9.9998,6.07967e-11,-1.64479e+11,0.0999612,2.56896e-09,3.89112e+07
86.385790,3.71933e-06,6.67572e-11,55714.3,0.0999632,7.95948e-08,1.2559e+06
86.495836,-2.38419e-07,7.39098e-11,-3225.81,0.0999629,6.70552e-08,1.49075e+06
86.605882,-1.93596e-05,6.79493e-11,-284912,0.0999613,6.26421e-08,1.59575e+06
86.715927,-2.69651e-05,8.22544e-11,-327826,0.0999631,6.01304e-08,1.66244e+06
86.825973,-2.82764e-05,6.4373e-11,-439259,0.0999624,5.83398e-08,1.71345e+06
86.936019,-3.10183e-05,8.34465e-11,-371714,0.0999609,5.70881e-08,1.75099e+06
87.046064,-3.28302e-05,6.31809e-11,-519623,0.0999584,5.58925e-08,1.7884e+06
87.156110,-3.72887e-05,8.58307e-11,-434444,0.0999587,5.5089e-08,1.81449e+06
87.266155,-4.01258e-05,6.31809e-11,-635094,0.0999581,5.43523e-08,1.83908e+06
87.376201,-4.34876e-05,8.58307e-11,-506667,0.0999581,5.38206e-08,1.85725e+06
87.486247,-9.99964,5.36442e-11,-1.86407e+11,0.0999609,1.74403e-09,5.7316e+07
87.596293,-9.99965,5.84126e-11,-1.7119e+11,0.0999603,2.28167e-09,4.38102e+07
87.706338,-9.9998,6.07967e-11,-1.64479e+11,0.0999594,2.58327e-09,3.8695e+07
87.816383,-9.99981,6.19888e-11,-1.61316e+11,0.0999595,2.81572e-09,3.55005e+07
87.926428,2.86102e-06,7.27177e-11,39344.3,0.0999588,9.1995e-08,1.08657e+06
88.036473,-2.40803e-06,7.03335e-11,-34237.3,0.0999601,7.88784e-08,1.26727e+06
88.146519,-2.28643e-05,6.4373e-11,-355185,0.0999603,7.41303e-08,1.34844e+06
88.256564,-2.59876e-05,7.98702e-11,-325373,0.0999595,7.10928e-08,1.40604e+06
88.366609,-2.57254e-05,5.84126e-11,-440408,0.0999582,6.91473e-08,1.44558e+06
88.476655,-2.69413e-05,7.62939e-11,-353125,0.0999593,6.76787e-08,1.47697e+06
88.586701,-2.85864e-05,5.48363e-11,-521304,0.0999609,6.63435e-08,1.50672e+06
88.696746,-3.25203e-05,8.10623e-11,-401176,0.0999591,6.54256e-08,1.52783e+06
88.806791,-3.55005e-05,5.60284e-11,-633617,0.0999589,6.45614e-08,1.54828e+06
88.916837,-3.70741e-05,8.46386e-11,-438028,0.0999579,6.37186e-08,1.56874e+06
89.026883,-9.99966,5.48363e-11,-1.82355e+11,0.0999589,1.90735e-09,5.24072e+07
89.136928,-9.99968,5.84126e-11,-1.71191e+11,0.0999597,2.47478e-09,4.03913e+07
89.246974,-9.99982,5.48363e-11,-1.82358e+11,0.0999592,2.78831e-09,3.58494e+07
89.357020,-9.99986,6.19888e-11,-1.61317e+11,0.099959,3.02434e-09,3.30515e+07
89.467066,1.93119e-06,7.27177e-11,26557.4,0.0999587,1.00824e-07,991422
89.577111,-1.90735e-06,6.79493e-11,-28070.2,0.0999591,8.72099e-08,1.14619e+06
89.687157,-2.11477e-05,6.55651e-11,-322545,0.09996,8.19612e-08,1.2196e+06
89.797202,-2.4581e-05,8.22544e-11,-298841,0.0999564,7.87604e-08,1.26912e+06
89.907248,-2.37703e-05,6.55651e-11,-362545,0.0999553,7.6549e-08,1.30577e+06
90.017293,-2.35319e-05,8.34465e-11,-282000,0.0999553,7.5109e-08,1.3308e+06
90.127339,-2.57254e-05,6.4373e-11,-399630,0.0999577,7.35962e-08,1.35819e+06
90.237385,-2.67267e-05,8.34465e-11,-320286,0.0999595,7.21765e-08,1.38493e+06
90.347430,-3.12328e-05,6.55651e-11,-476364,0.0999598,7.12049e-08,1.40383e+06
90.457476,-3.27826e-05,8.46386e-11,-387324,0.0999586,7.03752e-08,1.42037e+06
90.567521,-9.99964,6.19888e-11,-1.61314e+11,0.0999591,1.99676e-09,5.00608e+07
90.677567,-9.99966,6.79493e-11,-1.47164e+11,0.0999547,2.5928e-09,3.85508e+07
90.787612,-9.99979,6.91414e-11,-1.44628e+11,0.0999558,2.90632e-09,3.43925e+07
90.897657,-9.9998,6.55651e-11,-1.52517e+11,0.0999568,3.1507e-09,3.17252e+07
91.007703,8.15392e-06,7.7486e-11,105231,0.099957,1.06937e-07,934731
91.117749,-4.29153e-07,7.39098e-11,-5806.45,0.0999596,9.28831e-08,1.07619e+06
91.227795,-2.2006e-05,6.79493e-11,-323860,0.0999587,8.7471e-08,1.14276e+06
91.337840,-2.66314e-05,9.05991e-11,-293947,0.0999598,8.42965e-08,1.18581e+06
91.447886,-2.95162e-05,7.03335e-11,-419661,0.0999608,8.20601e-08,1.21814e+06
91.557931,-3.24249e-05,9.17912e-11,-353247,0.0999615,8.04889e-08,1.24193e+06
91.667977,-3.22104e-05,6.67572e-11,-482500,0.0999639,7.91204e-08,1.26344e+06
91.778023,-3.29494e-05,8.22544e-11,-400580,0.099965,7.79033e-08,1.28319e+06
91.888068,-3.41415e-05,6.31809e-11,-540377,0.0999641,7.64608e-08,1.30739e+06
91.998114,-3.67165e-05,8.34465e-11,-440000,0.0999636,7.52342e-08,1.3287e+06
92.108159,-9.99963,5.48363e-11,-1.82354e+11,0.0999639,2.08735e-09,4.78902e+07
92.218205,-9.99966,5.96046e-11,-1.67766e+11,0.0999643,2.67744e-09,3.73358e+07
92.328251,-9.99979,6.07967e-11,-1.64479e+11,0.099965,3.01957e-09,3.31057e+07
92.438297,-9.9998,6.4373e-11,-1.55341e+11,0.0999641,3.26872e-09,3.05821e+07
92.548342,5.48363e-06,7.39098e-11,74193.5,0.0999644,1.12044e-07,892192
92.658387,1.85966e-06,7.86781e-11,23636.4,0.0999644,9.81963e-08,1.01801e+06
92.768432,-1.87159e-05,7.39098e-11,-253226,0.0999641,9.26948e-08,1.07842e+06
92.878477,-2.08139e-05,8.22544e-11,-253044,0.099964,8.92019e-08,1.12065e+06
92.988523,-2.25306e-05,7.27177e-11,-309836,0.0999659,8.66425e-08,1.15377e+06
93.098569,-2.34842e-05,8.9407e-11,-262667,0.099966,8.47542e-08,1.17948e+06
93.208615,-2.24113e-05,6.91414e-11,-324138,0.0999691,8.35896e-08,1.19595e+06
93.318660,-2.72274e-05,8.82149e-11,-308649,0.0999683,8.2413e-08,1.21302e+06
93.428706,-3.27349e-05,7.15256e-11,-457667,0.0999678,8.12781e-08,1.22995e+06
93.538751,-3.6788e-05,9.77516e-11,-376341,0.0999678,8.01694e-08,1.24696e+06
93.648797,-9.99963,6.91414e-11,-1.44626e+11,0.0999681,2.17676e-09,4.59251e+07
93.758842,-9.99966,7.7486e-11,-1.29051e+11,0.0999671,2.80857e-09,3.55936e+07
93.868888,-9.99979,7.15256e-11,-1.39807e+11,0.0999663,3.15428e-09,3.16923e+07
93.978933,-9.99981,7.39098e-11,-1.35298e+11,0.0999681,3.40343e-09,2.93728e+07
94.088979,4.02927e-06,8.10623e-11,49705.9,0.0999658,1.16625e-07,857157
94.199025,-1.09673e-06,7.62939e-11,-14375,0.0999661,1.02323e-07,976963
94.309071,-2.35081e-05,7.15256e-11,-328667,0.0999688,9.68766e-08,1.03192e+06
94.419117,-2.87533e-05,8.82149e-11,-325946,0.0999664,9.35388e-08,1.06872e+06
94.529162,-2.59638e-05,7.39098e-11,-351290,0.0999672,9.09901e-08,1.09866e+06
94.639208,-2.72036e-05,8.9407e-11,-304267,0.0999672,8.89421e-08,1.12396e+06
94.749253,-2.60592e-05,6.67572e-11,-390357,0.0999665,8.71158e-08,1.14751e+06
94.859299,-2.67744e-05,8.34465e-11,-320857,0.0999682,8.58462e-08,1.1645e+06
94.969344,-2.94924e-05,6.67572e-11,-441786,0.099963,8.49092e-08,1.17729e+06
95.079389,-3.42607e-05,8.58307e-11,-399167,0.0999626,8.38578e-08,1.19205e+06
95.189435,-9.99959,6.19888e-11,-1.61313e+11,0.0999621,2.25902e-09,4.42503e+07
95.299481,-9.99959,6.4373e-11,-1.55338e+11,0.0999631,2.89679e-09,3.45083e+07
95.409527,-9.99973,6.91414e-11,-1.44627e+11,0.0999621,3.23534e-09,3.08969e+07
95.519573,-9.99978,6.31809e-11,-1.58272e+11,0.099962,3.48806e-09,2.86583e+07
95.629619,9.27448e-06,7.7486e-11,119692,0.0999622,1.20001e-07,833013
95.739664,3.0756e-06,7.51018e-11,40952.4,0.0999613,1.05586e-07,946728
95.849709,-1.74522e-05,6.67572e-11,-261429,0.0999638,1.00014e-07,999496
95.959755,-2.2912e-05,8.34465e-11,-274571,0.0999639,9.66632e-08,1.03415e+06
96.069801,-2.47478e-05,6.79493e-11,-364211,0.0999655,9.4111e-08,1.06221e+06
96.179847,-2.67506e-05,8.34465e-11,-320571,0.0999649,9.20892e-08,1.08552e+06
96.289893,-2.77042e-05,7.39098e-11,-374839,0.0999624,9.04524e-08,1.10514e+06
96.399939,-2.96831e-05,8.70228e-11,-341096,0.0999629,8.91161e-08,1.12172e+06
96.509985,-2.98262e-05,7.15256e-11,-417000,0.0999614,8.81195e-08,1.13438e+06
96.620031,-3.27349e-05,9.29832e-11,-352051,0.0999609,8.69644e-08,1.14945e+06
96.730076,-9.99959,6.4373e-11,-1.55338e+11,0.09996,2.30074e-09,4.34469e+07
96.840122,-9.99959,7.15256e-11,-1.39804e+11,0.0999622,2.94924e-09,3.38942e+07
96.950168,-9.99973,6.67572e-11,-1.49793e+11,0.0999621,3.29971e-09,3.02942e+07
97.060213,-9.99977,6.91414e-11,-1.44628e+11,0.0999636,3.57032e-09,2.79985e+07
97.170259,6.1512e-06,7.51018e-11,81904.8,0.0999632,1.22612e-07,815284
97.280304,3.8147e-07,7.98702e-11,4776.12,0.0999625,1.08236e-07,923560
97.390350,-1.95742e-05,7.39098e-11,-264839,0.0999637,1.02654e-07,973797
97.500396,-2.3222e-05,8.70228e-11,-266849,0.099964,9.92596e-08,1.0071e+06
97.610441,-2.54154e-05,7.03335e-11,-361356,0.0999645,9.67097e-08,1.03366e+06
97.720487,-2.74181e-05,8.9407e-11,-306667,0.0999648,9.50384e-08,1.05184e+06
97.830533,-2.64168e-05,7.62939e-11,-346250,0.0999692,9.32872e-08,1.07163e+06
97.940579,-2.95639e-05,8.58307e-11,-344444,0.0999702,9.21655e-08,1.08468e+06
98.050625,-3.20196e-05,7.39098e-11,-433226,0.0999699,9.1089e-08,1.0975e+06
98.160671,-3.6025e-05,8.34465e-11,-431714,0.09997,9.00292e-08,1.11042e+06
98.270717,-9.99965,5.48363e-11,-1.82355e+11,0.0999718,2.3675e-09,4.22268e+07
98.380763,-9.99967,6.07967e-11,-1.64477e+11,0.0999717,3.02672e-09,3.30297e+07
98.490808,-9.99981,6.19888e-11,-1.61316e+11,0.099971,3.36289e-09,2.97277e+07
98.600854,-9.99983,6.55651e-11,-1.52518e+11,0.0999717,3.64423e-09,2.74329e+07
98.710899,1.07288e-06,7.27177e-11,14754.1,0.0999707,1.26107e-07,792747
98.820945,-4.91142e-06,7.86781e-11,-62424.2,0.0999705,1.11772e-07,894416
98.930991,-2.75135e-05,7.27177e-11,-378361,0.0999711,1.06211e-07,941252
99.041037,-3.21627e-05,8.46386e-11,-380000,0.0999705,1.0288e-07,971720
99.151083,-3.56674e-05,7.39098e-11,-482581,0.09997,1.00496e-07,994768
99.261128,-3.74794e-05,8.10623e-11,-462353,0.0999671,9.8449e-08,1.01542e+06
99.371174,-3.85284e-05,8.10623e-11,-475294,0.0999657,9.67586e-08,1.03315e+06
99.481220,-3.86238e-05,7.98702e-11,-483582,0.0999656,9.52542e-08,1.04946e+06
99.591266,-4.03404e-05,8.10623e-11,-497647,0.099971,9.39155e-08,1.06448e+06
99.701312,-4.29869e-05,8.10623e-11,-530294,0.0999715,9.30953e-08,1.07386e+06
99.811358,-9.9996,5.72205e-11,-1.74756e+11,0.0999683,2.41756e-09,4.13508e+07
99.921403,-9.99963,6.55651e-11,-1.52515e+11,0.0999672,3.08037e-09,3.2453e+07
100.031449,-9.99978,5.72205e-11,-1.74759e+11,0.0999685,3.44038e-09,2.90574e+07
100.141494,-9.99978,6.31809e-11,-1.58272e+11,0.0999695,3.72171e-09,2.68611e+07
100.251540,4.76837e-07,6.67572e-11,7142.86,0.0999695,1.28832e-07,775969
100.361585,-6.50883e-06,7.98702e-11,-81492.5,0.0999705,1.14093e-07,876221
100.471630,-2.80142e-05,7.51018e-11,-373016,0.099972,1.08529e-07,921152
100.581675,-3.45469e-05,7.39098e-11,-467419,0.0999697,1.05144e-07,950791
100.691721,-3.46184e-05,7.86781e-11,-440000,0.0999705,1.02763e-07,972824
100.801766,-3.65257e-05,7.27177e-11,-502295,0.0999711,1.0084e-07,991380
100.911812,-3.80516e-05,7.51018e-11,-506667,0.0999701,9.93144e-08,1.0066e+06
101.021857,-3.72887e-05,7.62939e-11,-488750,0.0999713,9.79423e-08,1.02072e+06
101.131902,-3.94583e-05,7.86781e-11,-501515,0.0999724,9.67479e-08,1.03333e+06
101.241947,-4.28677e-05,7.15256e-11,-599333,0.0999693,9.57978e-08,1.04355e+06
101.351992,-9.99958,5.36442e-11,-1.86406e+11,0.0999708,2.4724e-09,4.04347e+07
101.462037,-9.9996,5.84126e-11,-1.71189e+11,0.099972,3.16262e-09,3.16105e+07
101.572082,-9.99973,5.60284e-11,-1.78476e+11,0.0999728,3.53694e-09,2.82653e+07
101.682128,-9.99974,6.07967e-11,-1.64478e+11,0.0999703,3.79562e-09,2.63383e+07
101.792173,-2.14577e-06,7.03335e-11,-30508.5,0.0999703,1.31531e-07,760052
101.902219,-3.91006e-06,8.34465e-11,-46857.1,0.0999697,1.16708e-07,856578
102.012265,-2.49386e-05,7.51018e-11,-332064,0.0999701,1.11054e-07,900192
102.122311,-2.82526e-05,7.62939e-11,-370313,0.0999685,1.07291e-07,931753
102.232357,-2.87533e-05,7.98702e-11,-360000,0.0999672,1.04905e-07,952928
102.342403,-3.37362e-05,7.15256e-11,-471667,0.0999652,1.02807e-07,972356
102.452448,-3.66688e-05,7.86781e-11,-466061,0.0999634,1.01061e-07,989141
102.562493,-3.82662e-05,7.39098e-11,-517742,0.0999622,9.99904e-08,999719
102.672538,-4.06504e-05,8.34465e-11,-487143,0.0999627,9.87995e-08,1.01177e+06
102.782583,-4.35829e-05,6.55651e-11,-664727,0.0999636,9.79567e-08,1.02049e+06
102.892628,-9.99959,5.24521e-11,-1.90642e+11,0.0999643,2.53916e-09,3.93691e+07
103.002673,-9.9996,5.96046e-11,-1.67766e+11,0.0999679,3.22461e-09,3.10015e+07
103.112719,-9.99973,5.96046e-11,-1.67768e+11,0.0999608,3.59774e-09,2.77844e+07
103.222765,-9.99974,6.91414e-11,-1.44627e+11,0.0999624,3.88503e-09,2.57301e+07
103.332811,2.6226e-07,7.51018e-11,3492.06,0.0999641,1.33367e-07,749544
103.442857,-3.95775e-06,7.7486e-11,-51076.9,0.0999654,1.18537e-07,843327
103.552903,-2.69413e-05,8.10623e-11,-332353,0.0999654,1.12945e-07,885082
103.662949,-3.0899e-05,7.27177e-11,-424918,0.0999645,1.09482e-07,913069
103.772994,-3.40223e-05,8.34465e-11,-407714,0.099964,1.06847e-07,935578
103.883039,-3.34263e-05,6.67572e-11,-500714,0.0999612,1.04786e-07,953954
103.993084,-3.78132e-05,7.7486e-11,-488000,0.0999605,1.03354e-07,967162
104.103129,-3.84808e-05,5.72205e-11,-672500,0.0999603,1.0215e-07,978560
104.213174,-3.90768e-05,7.86781e-11,-496667,0.0999634,1.01022e-07,989526
104.323220,-4.04596e-05,5.72205e-11,-707083,0.0999659,1.00181e-07,997852
104.433265,-9.99961,5.36442e-11,-1.86406e+11,0.0999664,2.58327e-09,3.86977e+07
104.543311,-9.99964,5.84126e-11,-1.7119e+11,0.0999687,3.28183e-09,3.04612e+07
104.653357,-9.99974,5.72205e-11,-1.74758e+11,0.0999697,3.64304e-09,2.74413e+07
104.763403,-9.99979,5.60284e-11,-1.78477e+11,0.0999696,3.94106e-09,2.53662e+07
104.873449,-1.38283e-06,6.79493e-11,-20350.9,0.0999698,1.35022e-07,740394
104.983494,-4.1008e-06,6.4373e-11,-63703.7,0.0999675,1.20404e-07,830269
105.093539,-2.62022e-05,7.15256e-11,-366333,0.0999695,1.14515e-07,872983
105.203585,-2.96593e-05,6.19888e-11,-478462,0.0999706,1.1116e-07,899338
105.313631,-2.98738e-05,7.39098e-11,-404194,0.0999705,1.08685e-07,919815
105.423677,-2.90632e-05,6.55651e-11,-443273,0.0999711,1.06689e-07,937035
105.533723,-3.32832e-05,8.10623e-11,-410588,0.0999718,1.04798e-07,953947
105.643768,-3.72171e-05,6.19888e-11,-600385,0.0999718,1.03424e-07,966624
105.753813,-4.03643e-05,8.10623e-11,-497941,0.0999686,1.02124e-07,978892
105.863859,-4.58002e-05,6.79493e-11,-674035,0.0999673,1.01173e-07,988083
105.973904,-9.99967,5.00679e-11,-1.99722e+11,0.0999682,2.59399e-09,3.85383e+07
106.083949,-9.99971,5.84126e-11,-1.71191e+11,0.0999686,3.30448e-09,3.02524e+07
106.193994,-9.99982,5.96046e-11,-1.67769e+11,0.099967,3.67641e-09,2.71914e+07
106.304040,-9.99984,6.19888e-11,-1.61317e+11,0.0999674,3.95298e-09,2.52891e+07
106.414086,-2.16961e-06,7.15256e-11,-30333.3,0.0999696,1.37048e-07,729451
106.524132,-6.86646e-06,6.67572e-11,-102857,0.0999693,1.22463e-07,816325
106.634178,-2.64168e-05,7.51018e-11,-351746,0.0999685,1.16673e-07,856830
106.744224,-3.01123e-05,6.07967e-11,-495294,0.099967,1.12966e-07,884927
106.854270,-3.20673e-05,8.22544e-11,-389855,0.0999675,1.10542e-07,904343
106.964315,-3.03745e-05,6.31809e-11,-480755,0.0999664,1.08532e-07,921080
107.074361,-3.24011e-05,8.82149e-11,-367297,0.0999682,1.06943e-07,934783
107.184406,-3.3617e-05,7.03335e-11,-477966,0.0999697,1.05373e-07,948726
107.294452,-3.47376e-05,8.22544e-11,-422319,0.0999689,1.04084e-07,960464
107.404497,-3.56913e-05,6.4373e-11,-554444,0.0999639,1.03018e-07,970351
107.514543,-9.99961,5.24521e-11,-1.90643e+11,0.0999624,2.65956e-09,3.75861e+07
107.624588,-9.99965,5.84126e-11,-1.7119e+11,0.0999641,3.34859e-09,2.98526e+07
107.734633,-9.99975,5.72205e-11,-1.74758e+11,0.0999668,3.73721e-09,2.6749e+07
107.844678,-9.99976,6.07967e-11,-1.64479e+11,0.0999663,4.00662e-09,2.49503e+07
107.954724,5.79357e-06,7.15256e-11,81000,0.0999657,1.38013e-07,724319
108.064770,2.0504e-06,6.19888e-11,33076.9,0.0999643,1.23506e-07,809391
108.174815,-1.78099e-05,7.7486e-11,-229846,0.0999616,1.17702e-07,849273
108.284861,-1.94311e-05,6.55651e-11,-296364,0.0999602,1.14375e-07,873966
108.394906,-2.15769e-05,7.98702e-11,-270149,0.099962,1.11601e-07,895706
108.504952,-2.33173e-05,7.15256e-11,-326000,0.0999623,1.09696e-07,911263
108.614997,-2.75373e-05,8.46386e-11,-325352,0.099962,1.08074e-07,924940
108.725043,-2.8038e-05,7.15256e-11,-392000,0.09996,1.06601e-07,937706
108.835089,-3.13759e-05,9.17912e-11,-341818,0.0999597,1.05511e-07,947387
108.945135,-3.07083e-05,6.91414e-11,-444138,0.0999612,1.04467e-07,956871
109.055180,-9.99956,6.07967e-11,-1.64475e+11,0.0999618,2.69651e-09,3.70708e+07
109.165225,-9.99959,6.67572e-11,-1.4979e+11,0.0999608,3.40343e-09,2.93706e+07
109.275270,-9.99973,6.55651e-11,-1.52516e+11,0.0999594,3.76225e-09,2.65691e+07
109.385315,-9.99975,6.31809e-11,-1.58272e+11,0.0999587,4.0555e-09,2.46477e+07
109.495360,1.48058e-05,7.51018e-11,197143,0.0999588,1.4028e-07,712569
109.605405,7.4625e-06,6.91414e-11,107931,0.0999594,1.2592e-07,793835
109.715450,-1.51873e-05,8.34465e-11,-182000,0.0999572,1.20031e-07,832764
109.825495,-1.75476e-05,7.03335e-11,-249492,0.0999581,1.16408e-07,858688
109.935540,-2.04802e-05,8.58307e-11,-238611,0.0999586,1.13891e-07,877666
110.045585,-1.96695e-05,7.03335e-11,-279661,0.0999583,1.11758e-07,894421
110.155630,-2.14815e-05,8.46386e-11,-253803,0.099959,1.09951e-07,909119
110.265676,-2.64168e-05,7.39098e-11,-357419,0.0999586,1.08645e-07,920049
110.375721,-2.96593e-05,8.46386e-11,-350423,0.0999601,1.07312e-07,931488
110.485766,-3.11375e-05,7.03335e-11,-442712,0.0999599,1.06407e-07,939408
110.595811,-9.99963,5.84126e-11,-1.7119e+11,0.0999596,2.7144e-09,3.68257e+07
110.705857,-9.99967,6.91414e-11,-1.44626e+11,0.0999593,3.44992e-09,2.89744e+07
110.815903,-9.9998,7.15256e-11,-1.39807e+11,0.0999598,3.83139e-09,2.60897e+07
110.925948,-9.99984,6.91414e-11,-1.44629e+11,0.0999604,4.11272e-09,2.43052e+07
111.035994,4.64916e-06,8.70228e-11,53424.7,0.0999607,1.41884e-07,704523
111.146040,1.43051e-06,7.62939e-11,18750,0.0999616,1.27177e-07,786002
111.256085,-2.06947e-05,8.70228e-11,-237808,0.0999606,1.21344e-07,823776
111.366130,-2.41756e-05,7.39098e-11,-327097,0.0999623,1.17949e-07,847503
111.476175,-2.32935e-05,8.82149e-11,-264054,0.0999631,1.15247e-07,867383
111.586220,-2.64645e-05,7.15256e-11,-370000,0.0999618,1.133e-07,882275
111.696265,-2.87056e-05,9.17912e-11,-312727,0.0999627,1.11326e-07,897928
111.806310,-3.15189e-05,7.7486e-11,-406769,0.099964,1.09916e-07,909461
111.916356,-3.25918e-05,8.46386e-11,-385070,0.099961,1.08781e-07,918921
112.026402,-3.50237e-05,7.98702e-11,-438508,0.0999601,1.07841e-07,926917
112.136448,-9.99964,6.19888e-11,-1.61314e+11,0.0999605,2.75254e-09,3.63157e+07
112.246493,-9.99963,5.96046e-11,-1.67766e+11,0.0999612,3.47137e-09,2.87959e+07
112.356539,-9.99979,6.4373e-11,-1.55341e+11,0.0999623,3.85761e-09,2.5913e+07
112.466585,-9.99983,6.55651e-11,-1.52518e+11,0.0999605,4.13775e-09,2.41581e+07
112.576630,8.7738e-06,7.7486e-11,113231,0.0999606,1.43316e-07,697485
112.686675,1.0252e-06,6.19888e-11,16538.5,0.0999597,1.28622e-07,777159
112.796721,-2.02417e-05,7.39098e-11,-273871,0.0999589,1.22703e-07,814639
112.906767,-2.33889e-05,6.67572e-11,-350357,0.0999616,1.19128e-07,839109
113.016813,-2.67267e-05,7.86781e-11,-339697,0.0999613,1.16622e-07,857136
113.126859,-2.95639e-05,7.27177e-11,-406557,0.0999604,1.14545e-07,872677
113.236905,-3.15428e-05,7.39098e-11,-426774,0.099959,1.12849e-07,885773
113.346951,-3.68834e-05,7.86781e-11,-468788,0.099959,1.11269e-07,898357
113.456997,-3.96967e-05,7.86781e-11,-504545,0.0999584,1.10012e-07,908611
113.567043,-4.23193e-05,8.22544e-11,-514493,0.0999608,1.08992e-07,917140
113.677089,-9.99968,6.19888e-11,-1.61314e+11,0.0999621,2.77877e-09,3.59735e+07
113.787135,-9.99971,6.19888e-11,-1.61315e+11,0.0999631,3.51429e-09,2.84448e+07
113.897181,-9.99982,6.67572e-11,-1.49794e+11,0.0999615,3.90291e-09,2.5612e+07
114.007226,-9.99985,6.4373e-11,-1.55342e+11,0.09996,4.18782e-09,2.38692e+07
114.117271,1.19209e-07,8.10623e-11,1470.59,0.099959,1.45119e-07,688805
114.227317,-5.29289e-06,6.4373e-11,-82222.2,0.0999587,1.30312e-07,767069
114.337362,-2.56062e-05,7.86781e-11,-325455,0.0999605,1.24228e-07,804653
114.447408,-3.01838e-05,8.58307e-11,-351667,0.0999598,1.20435e-07,829991
114.557454,-3.2258e-05,7.86781e-11,-410000,0.0999589,1.18178e-07,845832
114.667499,-3.42846e-05,8.22544e-11,-416812,0.0999598,1.16098e-07,860995
114.777544,-3.42846e-05,7.51018e-11,-456508,0.0999577,1.14336e-07,874245
114.887590,-3.36647e-05,8.58307e-11,-392222,0.0999578,1.12908e-07,885304
114.997636,-3.43323e-05,7.15256e-11,-480000,0.0999583,1.11558e-07,896017
115.107682,-3.65973e-05,8.70228e-11,-420548,0.0999578,1.10506e-07,904548
115.217728,-9.99961,5.96046e-11,-1.67766e+11,0.0999615,2.80976e-09,3.55765e+07
115.327774,-9.99965,6.07967e-11,-1.64477e+11,0.099962,3.53813e-09,2.82528e+07
115.437820,-9.99979,6.55651e-11,-1.52517e+11,0.0999636,3.94583e-09,2.5334e+07
115.547865,-9.99982,5.96046e-11,-1.67769e+11,0.0999646,4.23312e-09,2.36149e+07
115.657911,5.24521e-06,7.62939e-11,68750,0.0999629,1.46112e-07,684151
115.767957,1.97887e-06,6.67572e-11,29642.9,0.0999613,1.31237e-07,761682
115.878003,-1.85251e-05,7.51018e-11,-246667,0.0999601,1.25581e-07,795981
115.988048,-2.35319e-05,7.86781e-11,-299091,0.0999589,1.21721e-07,821213
116.098094,-2.56777e-05,7.51018e-11,-341905,0.0999582,1.19001e-07,839980
116.208140,-2.62976e-05,8.22544e-11,-319710,0.099958,1.16957e-07,854653
116.318185,-2.69413e-05,7.27177e-11,-370492,0.0999574,1.15362e-07,866465
116.428231,-2.83718e-05,7.86781e-11,-360606,0.099955,1.13851e-07,877947
116.538276,-3.43084e-05,6.79493e-11,-504912,0.0999578,1.12531e-07,888268
116.648322,-3.46422e-05,7.86781e-11,-440303,0.0999607,1.11594e-07,895752
116.758368,-9.99964,5.126e-11,-1.95077e+11,0.0999617,2.85387e-09,3.50267e+07
116.868413,-9.99966,5.96046e-11,-1.67766e+11,0.099962,3.60608e-09,2.77204e+07
116.978458,-9.99977,6.4373e-11,-1.55341e+11,0.0999615,4.00543e-09,2.49565e+07
117.088503,-9.99978,5.60284e-11,-1.78477e+11,0.0999623,4.29153e-09,2.32929e+07
117.198549,7.86781e-06,7.98702e-11,98507.5,0.0999545,1.47264e-07,678743
117.308595,1.66893e-07,6.91414e-11,2413.79,0.0999573,1.32163e-07,756321
117.418641,-2.04563e-05,7.15256e-11,-286000,0.0999585,1.26421e-07,790676
117.528687,-2.53916e-05,7.98702e-11,-317910,0.0999595,1.22936e-07,813103
117.638733,-2.985e-05,6.91414e-11,-431724,0.0999585,1.20373e-07,830408
117.748778,-3.42369e-05,8.46386e-11,-404507,0.0999616,1.18353e-07,844603
117.858823,-2.95877e-05,7.03335e-11,-420678,0.0999628,1.16488e-07,858140
117.968868,-3.36409e-05,8.22544e-11,-408986,0.0999632,1.15073e-07,868696
118.078914,-3.7694e-05,6.79493e-11,-554737,0.0999634,1.13966e-07,877130
118.188959,-4.15564e-05,8.82149e-11,-471081,0.0999628,1.12801e-07,886190
118.299004,-9.99965,6.07967e-11,-1.64477e+11,0.099962,2.88367e-09,3.46648e+07
118.409049,-9.99964,6.19888e-11,-1.61314e+11,0.0999605,3.64065e-09,2.74568e+07
118.519095,-9.99978,6.79493e-11,-1.47165e+11,0.0999594,4.04835e-09,2.46914e+07
118.629140,-9.99981,5.96046e-11,-1.67769e+11,0.0999579,4.36425e-09,2.29038e+07
118.739186,3.98159e-06,7.62939e-11,52187.5,0.0999563,1.48568e-07,672797
118.849231,-6.91414e-07,7.15256e-11,-9666.67,0.099957,1.33525e-07,748601
118.959277,-1.71185e-05,7.03335e-11,-243390,0.099956,1.27819e-07,782014
119.069323,-1.94311e-05,7.98702e-11,-243284,0.0999559,1.24328e-07,803969
119.179369,-2.0957e-05,6.4373e-11,-325556,0.0999571,1.21598e-07,822028
119.289415,-2.60353e-05,8.22544e-11,-316522,0.0999564,1.19647e-07,835429
119.399460,-2.68459e-05,6.19888e-11,-433077,0.0999542,1.17714e-07,849124
119.509506,-3.00646e-05,7.86781e-11,-382121,0.0999553,1.16198e-07,860214
119.619552,-2.94447e-05,6.07967e-11,-484314,0.0999562,1.14669e-07,871697
119.729598,-3.13759e-05,7.98702e-11,-392836,0.0999594,1.13575e-07,880114
119.839644,-9.99958,5.60284e-11,-1.78473e+11,0.0999599,2.89559e-09,3.45214e+07
119.949690,-9.99961,5.60284e-11,-1.78474e+11,0.0999633,3.65973e-09,2.73144e+07
120.059736,-9.99978,6.4373e-11,-1.55341e+11,0.0999641,4.04358e-09,2.47217e+07
120.169781,-9.99983,6.67572e-11,-1.49794e+11,0.0999649,4.33207e-09,2.30756e+07
120.279827,7.55787e-06,7.98702e-11,94626.9,0.0999639,1.49767e-07,667461
120.389873,5.96046e-07,7.27177e-11,8196.72,0.0999612,1.34785e-07,741633
120.499919,-1.89304e-05,6.31809e-11,-299623,0.0999569,1.28851e-07,775756
120.609965,-2.58207e-05,7.98702e-11,-323284,0.0999587,1.25211e-07,798319
120.720010,-2.67267e-05,6.55651e-11,-407636,0.0999585,1.22331e-07,817113
120.830056,-3.07083e-05,8.58307e-11,-357778,0.0999591,1.20096e-07,832325
120.940101,-3.1352e-05,7.27177e-11,-431148,0.0999563,1.18279e-07,845086
121.050147,-3.58105e-05,9.05991e-11,-395263,0.0999582,1.16968e-07,854576
121.160192,-3.90768e-05,7.62939e-11,-512188,0.0999588,1.16042e-07,861402
121.270238,-3.97921e-05,9.29832e-11,-427949,0.0999623,1.14839e-07,870455
121.380283,-9.99969,6.07967e-11,-1.64477e+11,0.0999624,2.9099e-09,3.43525e+07
121.490328,-9.99969,6.07967e-11,-1.64477e+11,0.0999623,3.68118e-09,2.71549e+07
121.600374,-9.99982,6.4373e-11,-1.55342e+11,0.0999636,4.08888e-09,2.44477e+07
121.710419,-9.99986,5.96046e-11,-1.6777e+11,0.0999625,4.36425e-09,2.29049e+07
121.820465,1.38283e-06,6.91414e-11,20000,0.0999614,1.50387e-07,664693
121.930510,-4.00543e-06,7.27177e-11,-55082,0.0999612,1.35818e-07,735997
122.040556,-2.50816e-05,6.91414e-11,-362759,0.0999631,1.29997e-07,768967
122.150602,-2.96831e-05,8.58307e-11,-345833,0.0999642,1.26296e-07,791505
122.260648,-3.0756e-05,6.79493e-11,-452632,0.0999641,1.23495e-07,809459
122.370694,-3.00646e-05,8.70228e-11,-345479,0.0999637,1.21379e-07,823567
122.480740,-3.15905e-05,7.27177e-11,-434426,0.099965,1.19839e-07,834163
122.590786,-3.63588e-05,8.70228e-11,-417808,0.0999669,1.18273e-07,845218
122.700832,-3.97205e-05,7.51018e-11,-528889,0.0999654,1.17e-07,854403
122.810878,-4.32253e-05,8.22544e-11,-525507,0.0999645,1.15777e-07,863421
122.920924,-9.9997,5.126e-11,-1.95078e+11,0.0999633,2.9397e-09,3.40046e+07
123.030970,-9.99973,6.19888e-11,-1.61315e+11,0.0999637,3.69668e-09,2.70415e+07
123.141016,-9.99986,5.72205e-11,-1.7476e+11,0.0999644,4.10676e-09,2.43414e+07
123.251062,-9.99991,6.07967e-11,-1.64481e+11,0.099964,4.40478e-09,2.26944e+07
123.361108,9.53674e-08,6.4373e-11,1481.48,0.0999628,1.51613e-07,659330
123.471153,-5.74589e-06,7.51018e-11,-76507.9,0.0999605,1.36983e-07,729727
123.581199,-2.7895e-05,6.79493e-11,-410526,0.0999608,1.31174e-07,762046
123.691244,-3.08037e-05,7.86781e-11,-391515,0.0999621,1.27355e-07,784910
123.801289,-3.22342e-05,7.03335e-11,-458305,0.0999629,1.24642e-07,802002
123.911334,-3.2568e-05,8.22544e-11,-395942,0.099962,1.22542e-07,815734
124.021380,-3.41892e-05,7.27177e-11,-470164,0.0999625,1.20875e-07,826994
124.131426,-3.50714e-05,8.10623e-11,-432647,0.0999641,1.19468e-07,836744
124.241472,-3.4976e-05,6.79493e-11,-514737,0.0999638,1.17898e-07,847884
124.351518,-3.65019e-05,8.22544e-11,-443768,0.099964,1.16494e-07,858107
124.461564,-9.99967,5.60284e-11,-1.78475e+11,0.0999645,2.93851e-09,3.40188e+07
124.571610,-9.99967,5.84126e-11,-1.7119e+11,0.0999661,3.71814e-09,2.68861e+07
124.681655,-9.99979,5.84126e-11,-1.71193e+11,0.0999667,4.11987e-09,2.42645e+07
124.791701,-9.99983,6.07967e-11,-1.6448e+11,0.099966,4.41432e-09,2.26459e+07
124.901747,4.24385e-06,6.91414e-11,61379.3,0.0999651,1.52285e-07,656434
125.011792,5.96046e-07,7.39098e-11,8064.52,0.0999644,1.37526e-07,726878
125.121838,-2.14338e-05,6.31809e-11,-339245,0.0999643,1.31809e-07,758405
125.231884,-2.59876e-05,8.10623e-11,-320588,0.0999626,1.28119e-07,780232
125.341930,-2.64168e-05,7.15256e-11,-369333,0.0999613,1.25772e-07,794783
125.451976,-2.67982e-05,7.7486e-11,-345846,0.0999606,1.2357e-07,808939
125.562022,-2.83957e-05,6.91414e-11,-410690,0.0999591,1.21721e-07,821215
125.672068,-3.00407e-05,7.98702e-11,-376119,0.0999585,1.20343e-07,830614
125.782113,-3.37124e-05,7.27177e-11,-463607,0.0999604,1.19115e-07,839191
125.892159,-3.53575e-05,8.10623e-11,-436176,0.0999601,1.17916e-07,847724
126.002205,-9.99964,5.60284e-11,-1.78475e+11,0.0999611,2.9695e-09,3.36626e+07
126.112251,-9.99969,6.19888e-11,-1.61314e+11,0.099963,3.74436e-09,2.66969e+07
126.222297,-9.99981,6.4373e-11,-1.55342e+11,0.0999612,4.16994e-09,2.39718e+07
126.332343,-9.99984,6.19888e-11,-1.61317e+11,0.0999613,4.46796e-09,2.23729e+07
126.442388,7.15256e-07,6.91414e-11,10344.8,0.0999628,1.53322e-07,651979
126.552434,-6.19888e-06,7.27177e-11,-85245.9,0.0999666,1.38531e-07,721620
126.662480,-2.88963e-05,7.27177e-11,-397377,0.0999679,1.32602e-07,753892
126.772525,-3.24249e-05,7.7486e-11,-418462,0.0999676,1.28831e-07,775961
126.882571,-3.44276e-05,7.62939e-11,-451250,0.0999638,1.26145e-07,792452
126.992616,-3.31402e-05,8.10623e-11,-408824,0.0999633,1.24187e-07,804939
127.102662,-3.6025e-05,7.39098e-11,-487419,0.0999627,1.22521e-07,815883
127.212708,-3.69072e-05,8.10623e-11,-455294,0.0999637,1.21075e-07,825635
127.322754,-4.01497e-05,7.98702e-11,-502687,0.099961,1.19882e-07,833831
127.432800,-4.38452e-05,7.39098e-11,-593226,0.0999598,1.18431e-07,844035
127.542846,-9.99966,5.96046e-11,-1.67767e+11,0.0999597,3.02672e-09,3.30257e+07
127.652892,-9.99968,6.4373e-11,-1.5534e+11,0.0999586,3.80516e-09,2.62692e+07
127.762938,-9.99981,6.31809e-11,-1.58273e+11,0.0999571,4.22001e-09,2.36865e+07
127.872984,-9.99985,6.19888e-11,-1.61317e+11,0.0999566,4.51207e-09,2.21531e+07
127.983030,1.26362e-06,7.03335e-11,17966.1,0.0999577,1.54203e-07,648221
128.093076,-5.67436e-06,7.62939e-11,-74375,0.0999588,1.39256e-07,717809
128.203122,-2.50816e-05,7.62939e-11,-328750,0.0999575,1.3315e-07,750716
128.313167,-2.97308e-05,8.34465e-11,-356286,0.0999577,1.29663e-07,770905
128.423213,-2.96593e-05,7.98702e-11,-371343,0.0999585,1.27109e-07,786398
128.533259,-3.12805e-05,7.98702e-11,-391642,0.0999588,1.2514e-07,798776
128.643304,-3.24249e-05,7.86781e-11,-412121,0.0999574,1.23489e-07,809444
128.753350,-3.69072e-05,8.58307e-11,-430000,0.0999636,1.21998e-07,819390
128.863395,-3.61443e-05,8.46386e-11,-427042,0.0999648,1.20783e-07,827641
128.973440,-4.06742e-05,7.98702e-11,-509254,0.0999644,1.19432e-07,836997
129.083485,-9.99969,6.31809e-11,-1.58271e+11,0.099967,3.04818e-09,3.27956e+07
129.193530,-9.99972,6.79493e-11,-1.47164e+11,0.0999666,3.829e-09,2.61077e+07
129.303576,-9.99984,6.91414e-11,-1.44629e+11,0.099966,4.24147e-09,2.35687e+07
129.413621,-9.99986,6.4373e-11,-1.55342e+11,0.0999652,4.54068e-09,2.20155e+07
129.523667,7.86781e-07,7.86781e-11,10000,0.0999643,1.54892e-07,645380
129.633712,-5.79357e-06,8.10623e-11,-71470.6,0.0999599,1.4016e-07,713183
129.743757,-2.35319e-05,7.15256e-11,-329000,0.0999576,1.34629e-07,742467
129.853803,-2.92301e-05,7.7486e-11,-377231,0.0999573,1.30852e-07,763893
129.963849,-2.94685e-05,7.51018e-11,-392381,0.0999562,1.28181e-07,779805
130.073895,-3.37362e-05,7.39098e-11,-456452,0.099957,1.25914e-07,793854
130.183940,-3.39746e-05,7.39098e-11,-459677,0.0999554,1.24122e-07,805300
130.293986,-3.49045e-05,7.62939e-11,-457500,0.0999543,1.2255e-07,815624
130.404031,-3.46661e-05,8.10623e-11,-427647,0.0999544,1.21366e-07,823580
130.514076,-3.67403e-05,7.62939e-11,-481563,0.0999545,1.20175e-07,831742
130.624122,-9.99968,6.31809e-11,-1.58271e+11,0.0999577,3.0458e-09,3.28182e+07
130.734167,-9.99969,6.4373e-11,-1.5534e+11,0.0999586,3.8445e-09,2.60004e+07
130.844213,-9.99981,7.15256e-11,-1.39807e+11,0.0999601,4.27723e-09,2.33703e+07
130.954258,-9.99984,6.67572e-11,-1.49794e+11,0.0999617,4.5836e-09,2.18086e+07
131.064304,6.07967e-06,7.7486e-11,78461.5,0.0999614,1.55694e-07,642035
131.174349,-1.38283e-06,7.98702e-11,-17313.4,0.0999611,1.40852e-07,709690
131.284394,-2.3222e-05,8.22544e-11,-282319,0.0999605,1.34876e-07,741130
131.394439,-2.73466e-05,8.70228e-11,-314247,0.0999615,1.31085e-07,762571
131.504485,-3.16858e-05,8.10623e-11,-390882,0.0999594,1.28484e-07,777992
131.614531,-3.3927e-05,8.58307e-11,-395278,0.0999611,1.26377e-07,790973
131.724576,-3.26633e-05,8.34465e-11,-391429,0.0999613,1.24408e-07,803496
131.834622,-3.51429e-05,8.10623e-11,-433529,0.0999624,1.23048e-07,812387
131.944668,-3.57866e-05,8.34465e-11,-428857,0.0999628,1.21827e-07,820530
132.054714,-3.96967e-05,7.7486e-11,-512308,0.099962,1.20527e-07,829377
132.164760,-9.9997,6.19888e-11,-1.61315e+11,0.0999631,3.08633e-09,3.2389e+07
132.274805,-9.99971,6.31809e-11,-1.58271e+11,0.0999636,3.88503e-09,2.57305e+07
132.384850,-9.99984,6.07967e-11,-1.6448e+11,0.0999645,4.28915e-09,2.33064e+07
132.494896,-9.99986,6.19888e-11,-1.61317e+11,0.0999624,4.60267e-09,2.17183e+07
132.604942,4.14848e-06,7.7486e-11,53538.5,0.0999611,1.5599e-07,640817
132.714988,-1.35899e-06,7.98702e-11,-17014.9,0.0999615,1.41071e-07,708589
132.825033,-2.13623e-05,7.62939e-11,-280000,0.0999622,1.35262e-07,739027
132.935079,-2.48909e-05,8.22544e-11,-302609,0.099962,1.3152e-07,760052
133.045125,-2.36273e-05,7.86781e-11,-300303,0.0999618,1.28769e-07,776290
133.155171,-2.68221e-05,7.98702e-11,-335821,0.0999617,1.26892e-07,787768
133.265217,-3.10659e-05,7.86781e-11,-394849,0.0999659,1.25405e-07,797147
133.375262,-3.5882e-05,7.86781e-11,-456061,0.0999657,1.23826e-07,807306
133.485308,-3.87907e-05,8.22544e-11,-471594,0.0999696,1.22437e-07,816495
133.595354,-4.1461e-05,7.7486e-11,-535077,0.0999697,1.21291e-07,824216
133.705400,-9.99972,5.96046e-11,-1.67767e+11,0.0999694,3.09944e-09,3.2254e+07
133.815446,-9.99972,5.84126e-11,-1.71191e+11,0.0999696,3.91722e-09,2.55206e+07
133.925491,-9.99985,6.31809e-11,-1.58273e+11,0.0999672,4.33445e-09,2.30634e+07
134.035537,-9.99986,6.4373e-11,-1.55342e+11,0.0999682,4.6277e-09,2.16021e+07
134.145582,-5.72205e-07,7.39098e-11,-7741.94,0.099966,1.57034e-07,636587
134.255628,-7.77245e-06,8.58307e-11,-90555.6,0.099966,1.42229e-07,702855
134.365674,-2.8944e-05,7.86781e-11,-367879,0.0999642,1.36502e-07,732329
134.475720,-3.3164e-05,8.34465e-11,-397429,0.0999645,1.32842e-07,752506
134.585766,-3.407e-05,8.70228e-11,-391507,0.0999625,1.30116e-07,768259
134.695812,-3.17335e-05,8.46386e-11,-374930,0.0999637,1.27833e-07,781987
134.805858,-3.24488e-05,8.70228e-11,-372877,0.099964,1.26034e-07,793151
134.915904,-3.42846e-05,9.17912e-11,-373507,0.0999622,1.24416e-07,803449
135.025949,-3.46422e-05,9.05991e-11,-382368,0.0999595,1.23361e-07,810299
135.135994,-3.56913e-05,8.34465e-11,-427714,0.0999589,1.21927e-07,819824
135.246040,-9.99964,6.55651e-11,-1.52515e+11,0.09996,3.11255e-09,3.21151e+07
135.356086,-9.99966,6.55651e-11,-1.52515e+11,0.099961,3.93987e-09,2.53717e+07
135.466132,-9.9998,6.79493e-11,-1.47166e+11,0.0999608,4.40359e-09,2.26998e+07
135.576177,-9.99982,7.03335e-11,-1.42177e+11,0.0999607,4.70161e-09,2.12609e+07
135.686223,6.91414e-06,8.22544e-11,84058,0.0999587,1.5811e-07,632211
135.796269,6.91414e-07,8.10623e-11,8529.41,0.0999591,1.43187e-07,698102
135.906315,-2.18153e-05,7.98702e-11,-273134,0.0999591,1.37404e-07,727482
136.016361,-2.73466e-05,8.58307e-11,-318611,0.0999602,1.33795e-07,747117
136.126407,-2.83241e-05,8.82149e-11,-321081,0.0999617,1.30824e-07,764094
136.236453,-3.07322e-05,8.46386e-11,-363099,0.0999627,1.28549e-07,777621
136.346499,-3.43323e-05,8.46386e-11,-405634,0.0999635,1.2676e-07,788604
136.456544,-3.57151e-05,7.86781e-11,-453939,0.0999661,1.25163e-07,798690
136.566590,-3.84808e-05,8.34465e-11,-461143,0.099966,1.24071e-07,805719
136.676635,-3.94344e-05,7.39098e-11,-533548,0.0999661,1.22907e-07,813346
136.786681,-9.9997,6.07967e-11,-1.64478e+11,0.0999665,3.11852e-09,3.20558e+07
136.896727,-9.99971,6.4373e-11,-1.5534e+11,0.0999628,3.93867e-09,2.53798e+07
137.006773,-9.99984,7.03335e-11,-1.42177e+11,0.0999624,4.37737e-09,2.28362e+07
137.116819,-9.99989,6.4373e-11,-1.55343e+11,0.0999593,4.69565e-09,2.12876e+07
137.226865,6.67572e-07,7.62939e-11,8750,0.0999595,1.58669e-07,629989
137.336910,-4.24385e-06,8.46386e-11,-50140.8,0.0999626,1.4351e-07,696554
137.446956,-2.73466e-05,7.98702e-11,-342388,0.0999615,1.37646e-07,726220
137.557001,-3.3474e-05,7.98702e-11,-419105,0.0999596,1.34192e-07,744902
137.667046,-3.48806e-05,8.22544e-11,-424058,0.0999614,1.31682e-07,759111
137.777092,-3.68834e-05,7.51018e-11,-491111,0.0999629,1.29383e-07,772615
137.887138,-3.83139e-05,7.98702e-11,-479701,0.0999631,1.27597e-07,783429
137.997184,-3.97921e-05,7.98702e-11,-498209,0.0999638,1.26183e-07,792213
138.107229,-4.01974e-05,8.82149e-11,-455676,0.0999628,1.24773e-07,801159
138.217275,-4.13179e-05,7.51018e-11,-550159,0.0999614,1.23938e-07,806541
138.327321,-9.99973,5.96046e-11,-1.67768e+11,0.0999599,3.15547e-09,3.16783e+07
138.437367,-9.99973,6.67572e-11,-1.49793e+11,0.0999567,3.95894e-09,2.52483e+07
138.547413,-9.99986,6.91414e-11,-1.44629e+11,0.0999615,4.40955e-09,2.26693e+07
138.657458,-9.9999,6.07967e-11,-1.64481e+11,0.0999644,4.73618e-09,2.11065e+07
138.767504,5.00679e-07,7.27177e-11,6885.25,0.0999652,1.59701e-07,625952
138.877549,-6.36578e-06,7.98702e-11,-79701.5,0.0999648,1.44439e-07,692091
138.987595,-2.80142e-05,7.39098e-11,-379032,0.0999649,1.38366e-07,722466
139.097641,-3.37839e-05,7.86781e-11,-429394,0.099962,1.34621e-07,742545
139.207686,-3.58105e-05,7.62939e-11,-469375,0.0999619,1.32049e-07,757004
139.317732,-3.71933e-05,7.15256e-11,-520000,0.0999615,1.29877e-07,769661
139.427777,-3.70502e-05,7.98702e-11,-463881,0.0999619,1.2825e-07,779429
139.537822,-3.7694e-05,7.39098e-11,-510000,0.0999621,1.26842e-07,788082
139.647867,-4.00066e-05,8.10623e-11,-493529,0.0999655,1.25539e-07,796289
139.757913,-4.13179e-05,7.62939e-11,-541563,0.0999666,1.2435e-07,803916
139.867958,-9.99973,5.72205e-11,-1.74758e+11,0.0999709,3.1817e-09,3.14206e+07
139.978003,-9.99975,6.19888e-11,-1.61315e+11,0.0999701,3.99947e-09,2.49958e+07
140.088049,-9.99987,6.19888e-11,-1.61317e+11,0.09997,4.42147e-09,2.26101e+07
140.198095,-9.99992,5.72205e-11,-1.74761e+11,0.0999706,4.74811e-09,2.10548e+07
140.308141,2.6226e-06,6.91414e-11,37931,0.0999688,1.59792e-07,625620
140.418187,-3.48091e-06,7.86781e-11,-44242.4,0.0999655,1.44645e-07,691109
140.528232,-2.45333e-05,7.7486e-11,-316615,0.0999626,1.39023e-07,719036
140.638278,-3.17812e-05,7.7486e-11,-410154,0.0999608,1.35454e-07,737969
140.748323,-3.27826e-05,7.7486e-11,-423077,0.099961,1.32973e-07,751738
140.858369,-3.45945e-05,7.62939e-11,-453438,0.0999583,1.3052e-07,765848
140.968414,-3.52144e-05,8.34465e-11,-422000,0.099961,1.28617e-07,777197
141.078460,-3.56197e-05,8.10623e-11,-439412,0.0999604,1.27463e-07,784229
141.188506,-3.80278e-05,8.22544e-11,-462319,0.0999579,1.26027e-07,793148
141.298551,-3.91245e-05,7.7486e-11,-504923,0.0999584,1.24663e-07,801828
141.408597,-9.99973,6.31809e-11,-1.58271e+11,0.0999604,3.20673e-09,3.11721e+07
141.518642,-9.99974,6.19888e-11,-1.61315e+11,0.0999607,4.01497e-09,2.4897e+07
141.628688,-9.99988,7.03335e-11,-1.42178e+11,0.0999587,4.44293e-09,2.24984e+07
141.738734,-9.99986,6.55651e-11,-1.52518e+11,0.0999578,4.75407e-09,2.10257e+07
141.848780,4.88758e-06,8.10623e-11,60294.1,0.09996,1.59894e-07,625163
141.958825,9.77516e-07,8.34465e-11,11714.3,0.0999587,1.45417e-07,687391
142.068871,-1.93119e-05,8.46386e-11,-228169,0.0999589,1.39365e-07,717244
142.178917,-2.54631e-05,7.98702e-11,-318806,0.0999576,1.35572e-07,737303
142.288963,-2.6536e-05,7.98702e-11,-332239,0.0999568,1.3279e-07,752746
142.399008,-2.87294e-05,8.34465e-11,-344286,0.0999572,1.30681e-07,764896
142.509054,-3.20435e-05,8.22544e-11,-389565,0.0999581,1.29117e-07,774168
142.619099,-3.20196e-05,8.34465e-11,-383714,0.0999564,1.2772e-07,782624
142.729144,-3.3021e-05,8.46386e-11,-390141,0.0999568,1.26202e-07,792037
142.839189,-3.55482e-05,8.22544e-11,-432174,0.0999591,1.2526e-07,798011
142.949234,-9.99965,6.4373e-11,-1.55339e+11,0.0999593,3.21507e-09,3.10908e+07
143.059279,-9.99965,6.55651e-11,-1.52515e+11,0.0999607,4.03285e-09,2.47866e+07
143.169325,-9.99979,6.31809e-11,-1.58272e+11,0.0999633,4.4775e-09,2.23257e+07
143.279371,-9.99982,6.19888e-11,-1.61317e+11,0.0999644,4.79579e-09,2.08442e+07
143.389417,6.46114e-06,7.51018e-11,86031.8,0.0999636,1.60966e-07,621024
143.499463,2.45571e-06,7.51018e-11,32698.4,0.0999661,1.45699e-07,686115
143.609509,-1.80006e-05,7.27177e-11,-247541,0.0999645,1.39751e-07,715302
143.719554,-2.53916e-05,7.86781e-11,-322727,0.099961,1.36062e-07,734673
143.829600,-2.83957e-05,8.10623e-11,-350294,0.0999624,1.33234e-07,750276
143.939646,-3.03268e-05,8.58307e-11,-353333,0.0999638,1.31216e-07,761826
144.049692,-2.98023e-05,8.10623e-11,-367647,0.0999672,1.2946e-07,772186
144.159738,-3.08752e-05,8.10623e-11,-380882,0.099966,1.27822e-07,782071
144.269783,-3.49283e-05,8.82149e-11,-395946,0.0999655,1.26501e-07,790233
144.379829,-3.80039e-05,8.58307e-11,-442778,0.099965,1.2518e-07,798567
144.489874,-9.99968,6.55651e-11,-1.52515e+11,0.0999625,3.22819e-09,3.09655e+07
144.599919,-9.99969,7.03335e-11,-1.42175e+11,0.0999621,4.0555e-09,2.46485e+07
144.709964,-9.99982,6.67572e-11,-1.49794e+11,0.099961,4.49777e-09,2.22246e+07
144.820010,-9.99983,6.07967e-11,-1.6448e+11,0.0999611,4.82559e-09,2.07148e+07
144.930056,1.74046e-06,7.62939e-11,22812.5,0.09996,1.60888e-07,621300
145.040102,-1.93119e-06,7.86781e-11,-24545.5,0.0999596,1.46157e-07,683922
145.150148,-2.40326e-05,7.62939e-11,-315000,0.0999614,1.40568e-07,711125
145.260194,-2.79665e-05,7.86781e-11,-355455,0.0999618,1.36468e-07,732490
145.370239,-2.87056e-05,7.98702e-11,-359403,0.0999617,1.33936e-07,746337
145.480285,-3.27826e-05,8.46386e-11,-387324,0.09996,1.31935e-07,757646
145.590331,-3.5882e-05,8.58307e-11,-418056,0.0999619,1.29921e-07,769403
145.700376,-3.5429e-05,7.98702e-11,-443582,0.0999649,1.28301e-07,779141
145.810421,-3.56436e-05,8.34465e-11,-427143,0.0999592,1.27023e-07,786935
145.920467,-3.86e-05,7.51018e-11,-513968,0.0999598,1.26179e-07,792203
146.030513,-9.99965,6.19888e-11,-1.61314e+11,0.0999603,3.21865e-09,3.10566e+07
146.140558,-9.99966,5.84126e-11,-1.7119e+11,0.099962,4.04716e-09,2.46993e+07
146.250604,-9.99978,7.03335e-11,-1.42177e+11,0.0999629,4.5073e-09,2.2178e+07
146.360649,-9.99983,6.55651e-11,-1.52517e+11,0.099961,4.83155e-09,2.06892e+07
146.470694,5.65052e-06,7.7486e-11,72923.1,0.0999602,1.61917e-07,617354
146.580739,6.67572e-07,8.10623e-11,8235.29,0.0999607,1.47011e-07,679953
146.690785,-2.27213e-05,8.22544e-11,-276232,0.0999601,1.41406e-07,706901
146.800831,-2.48432e-05,7.86781e-11,-315758,0.0999605,1.37566e-07,726635
146.910876,-2.79665e-05,7.51018e-11,-372381,0.0999626,1.34761e-07,741775
147.020922,-2.91109e-05,8.22544e-11,-353913,0.0999634,1.326e-07,753871
147.130968,-3.01361e-05,8.34465e-11,-361143,0.0999631,1.30707e-07,764788
147.241014,-3.29733e-05,8.10623e-11,-406765,0.0999631,1.29035e-07,774701
147.351059,-3.84569e-05,8.34465e-11,-460857,0.099962,1.27894e-07,781602
147.461104,-4.36068e-05,7.39098e-11,-590000,0.0999604,1.26653e-07,789248
147.571150,-9.99967,5.96046e-11,-1.67767e+11,0.0999629,3.2568e-09,3.06936e+07
147.681196,-9.99968,6.4373e-11,-1.5534e+11,0.0999642,4.07577e-09,2.45265e+07
147.791242,-9.99978,6.91414e-11,-1.44628e+11,0.0999664,4.52518e-09,2.20911e+07
147.901287,-9.99983,6.31809e-11,-1.58273e+11,0.099965,4.86255e-09,2.05581e+07
148.011332,-7.34329e-06,7.03335e-11,-104407,0.0999636,1.62318e-07,615852
148.121377,-1.31369e-05,7.98702e-11,-164478,0.0999639,1.47365e-07,678341
148.231422,-3.2711e-05,7.62939e-11,-428750,0.0999638,1.41325e-07,707333
148.341467,-3.70979e-05,7.27177e-11,-510164,0.0999649,1.38261e-07,723014
148.451512,-3.92675e-05,8.82149e-11,-445135,0.0999656,1.35533e-07,737576
148.561557,-3.96013e-05,7.27177e-11,-544590,0.099967,1.33139e-07,750848
148.671603,-4.01258e-05,8.46386e-11,-474085,0.0999658,1.31398e-07,760784
148.781649,-4.26531e-05,7.27177e-11,-586557,0.0999663,1.29944e-07,769302
148.891695,-4.57287e-05,8.70228e-11,-525479,0.0999683,1.28808e-07,776103
149.001740,-4.67539e-05,7.86781e-11,-594242,0.099969,1.27707e-07,782802
149.111786,-9.99966,6.79493e-11,-1.47164e+11,0.0999694,3.29375e-09,3.03512e+07
149.221832,-9.99967,6.79493e-11,-1.47164e+11,0.0999694,4.1151e-09,2.42933e+07
149.331878,-9.99982,7.39098e-11,-1.35298e+11,0.0999676,4.55022e-09,2.19699e+07
149.441924,-9.99987,7.27177e-11,-1.37516e+11,0.0999654,4.88162e-09,2.04779e+07
149.551969,-5.10216e-06,8.10623e-11,-62941.2,0.0999655,1.63072e-07,613013
149.662015,-9.77516e-06,8.82149e-11,-110811,0.0999689,1.48087e-07,675071
149.772060,-2.90394e-05,8.46386e-11,-343099,0.0999691,1.4176e-07,705199
149.882106,-3.52383e-05,7.7486e-11,-454769,0.0999703,1.38129e-07,723746
149.992151,-3.69787e-05,7.86781e-11,-470000,0.0999698,1.35139e-07,739754
150.102196,-3.80754e-05,7.39098e-11,-515161,0.0999684,1.33135e-07,750878
150.212242,-4.08888e-05,9.05991e-11,-451316,0.0999692,1.31731e-07,758889
150.322288,-4.24624e-05,7.51018e-11,-565397,0.0999689,1.30023e-07,768857
150.432334,-4.55618e-05,9.05991e-11,-502895,0.0999705,1.28568e-07,777567
150.542379,-4.82559e-05,7.27177e-11,-663607,0.099971,1.27566e-07,783681
150.652425,-9.99972,6.67572e-11,-1.49792e+11,0.0999713,3.28302e-09,3.0451e+07
150.762470,-9.99977,6.91414e-11,-1.44628e+11,0.0999716,4.11987e-09,2.42657e+07
150.872516,-9.99989,7.15256e-11,-1.39809e+11,0.0999703,4.56095e-09,2.19188e+07
150.982562,-9.99993,7.03335e-11,-1.42179e+11,0.0999712,4.89116e-09,2.04392e+07
151.092607,-1.00374e-05,7.98702e-11,-125672,0.0999709,1.63003e-07,613306
151.202653,-1.266e-05,8.22544e-11,-153913,0.0999723,1.48261e-07,674301
151.312698,-3.29018e-05,8.34465e-11,-394286,0.0999738,1.42475e-07,701692
151.422743,-3.6931e-05,7.39098e-11,-499677,0.0999725,1.38432e-07,722179
151.532788,-3.78847e-05,8.10623e-11,-467353,0.0999732,1.35604e-07,737243
151.642833,-3.84569e-05,7.51018e-11,-512064,0.0999707,1.33693e-07,747762
151.752878,-4.35352e-05,8.70228e-11,-500274,0.0999699,1.32118e-07,756669
151.862923,-4.45843e-05,7.39098e-11,-603226,0.0999671,1.30763e-07,764491
151.972969,-4.6587e-05,8.9407e-11,-521067,0.0999683,1.2941e-07,772493
152.083014,-4.90665e-05,7.27177e-11,-674754,0.0999683,1.28152e-07,780074
152.193059,-9.9997,6.19888e-11,-1.61315e+11,0.0999693,3.29852e-09,3.03073e+07
152.303105,-9.99974,6.91414e-11,-1.44627e+11,0.0999692,4.15206e-09,2.4077e+07
152.413150,-9.99991,7.03335e-11,-1.42178e+11,0.0999691,4.59075e-09,2.17762e+07
152.523195,-9.99993,6.4373e-11,-1.55343e+11,0.0999666,4.93407e-09,2.02605e+07
152.633241,-1.08004e-05,8.34465e-11,-129429,0.099966,1.62745e-07,614251
152.743286,-1.62601e-05,8.58307e-11,-189444,0.099965,1.48388e-07,673672
152.853331,-4.06504e-05,9.17912e-11,-442857,0.0999662,1.42763e-07,700226
152.963377,-4.29869e-05,7.27177e-11,-591148,0.0999655,1.38991e-07,719223
153.073422,-4.23908e-05,9.05991e-11,-467895,0.0999665,1.36122e-07,734391
153.183467,-4.58479e-05,7.86781e-11,-582727,0.0999666,1.34097e-07,745478
153.293512,-4.61102e-05,8.9407e-11,-515733,0.0999675,1.32267e-07,755798
153.403558,-4.26531e-05,7.39098e-11,-577097,0.0999689,1.30678e-07,764999
153.513604,-4.29869e-05,8.9407e-11,-480800,0.0999684,1.29404e-07,772529
153.623649,-4.52995e-05,7.27177e-11,-622951,0.0999668,1.28137e-07,780156
153.733695,-9.99965,6.19888e-11,-1.61314e+11,0.0999675,3.31759e-09,3.01325e+07
153.843741,-9.99968,6.55651e-11,-1.52515e+11,0.0999668,4.16517e-09,2.40006e+07
153.953786,-9.99979,6.4373e-11,-1.55341e+11,0.0999667,4.61817e-09,2.16464e+07
154.063831,-9.99983,6.67572e-11,-1.49794e+11,0.0999655,4.93884e-09,2.02407e+07
154.173876,-4.3869e-06,7.98702e-11,-54925.4,0.0999651,1.63751e-07,610472
154.283921,-6.84261e-06,8.46386e-11,-80845.1,0.0999627,1.48811e-07,671741
154.393966,-2.87533e-05,8.70228e-11,-330411,0.0999632,1.42938e-07,699347
154.504011,-3.16143e-05,7.98702e-11,-395821,0.0999623,1.39325e-07,717477
154.614056,-3.51667e-05,8.58307e-11,-409722,0.0999651,1.36652e-07,731531
154.724101,-3.84808e-05,7.51018e-11,-512381,0.0999642,1.34803e-07,741557
154.834147,-4.03166e-05,8.46386e-11,-476338,0.0999627,1.3306e-07,751259
154.944193,-4.04596e-05,7.15256e-11,-565667,0.0999619,1.31329e-07,761154
155.054239,-4.22716e-05,8.34465e-11,-506571,0.0999653,1.29867e-07,769754
155.164285,-4.33683e-05,6.91414e-11,-627241,0.0999663,1.28722e-07,776605
155.274330,-9.99967,6.19888e-11,-1.61314e+11,0.0999665,3.33428e-09,2.99814e+07
155.384375,-9.99969,6.4373e-11,-1.5534e+11,0.0999661,4.17471e-09,2.39457e+07
155.494421,-9.99981,6.07967e-11,-1.64479e+11,0.099967,4.62651e-09,2.16074e+07
155.604467,-9.99984,6.19888e-11,-1.61317e+11,0.0999664,4.94361e-09,2.02213e+07
155.714513,-3.31402e-06,7.03335e-11,-47118.6,0.0999666,1.6405e-07,609367
155.824559,-6.36578e-06,7.62939e-11,-83437.5,0.0999687,1.49443e-07,668941
155.934604,-2.45571e-05,7.62939e-11,-321875,0.0999673,1.43661e-07,695853
156.044650,-2.86341e-05,7.27177e-11,-393770,0.0999668,1.40164e-07,713214
156.154696,-3.00407e-05,8.58307e-11,-350000,0.0999667,1.37297e-07,728106
156.264742,-3.37362e-05,7.27177e-11,-463934,0.0999624,1.34692e-07,742154
156.374788,-3.60966e-05,8.46386e-11,-426479,0.0999629,1.33142e-07,750796
156.484833,-3.68357e-05,7.27177e-11,-506557,0.0999623,1.31702e-07,759001
156.594878,-3.91722e-05,7.98702e-11,-490448,0.099963,1.30472e-07,766164
156.704924,-4.02451e-05,6.31809e-11,-636981,0.0999622,1.2916e-07,773943
156.814970,-9.9996,5.84126e-11,-1.71189e+11,0.0999593,3.33905e-09,2.99364e+07
156.925016,-9.99964,6.31809e-11,-1.5827e+11,0.0999605,4.20809e-09,2.37544e+07
157.035062,-9.99977,6.31809e-11,-1.58272e+11,0.0999636,4.65155e-09,2.14904e+07
157.145108,-9.9998,6.19888e-11,-1.61316e+11,0.0999637,4.98414e-09,2.00564e+07
157.255154,-4.29153e-07,7.62939e-11,-5625,0.0999618,1.6463e-07,607189
157.365199,-3.76701e-06,8.10623e-11,-46470.6,0.0999604,1.50003e-07,666387
157.475245,-2.48671e-05,8.22544e-11,-302319,0.0999609,1.43785e-07,695209
157.585290,-2.77519e-05,6.91414e-11,-401379,0.0999621,1.40091e-07,713550
157.695335,-2.90632e-05,7.62939e-11,-380938,0.0999606,1.37364e-07,727708
157.805381,-3.17097e-05,6.91414e-11,-458621,0.0999594,1.35231e-07,739175
157.915427,-3.48806e-05,8.58307e-11,-406389,0.0999607,1.33557e-07,748448
158.025473,-3.77417e-05,6.55651e-11,-575636,0.0999606,1.32071e-07,756872
158.135518,-4.02451e-05,8.46386e-11,-475493,0.0999626,1.30837e-07,764024
158.245564,-4.11034e-05,6.4373e-11,-638519,0.0999612,1.29839e-07,769885
158.355609,-9.99969,5.48363e-11,-1.82355e+11,0.099962,3.35813e-09,2.97672e+07
158.465655,-9.99972,6.31809e-11,-1.58271e+11,0.0999625,4.24147e-09,2.35679e+07
158.575701,-9.99982,6.07967e-11,-1.6448e+11,0.0999617,4.69804e-09,2.12773e+07
158.685747,-9.99984,6.55651e-11,-1.52518e+11,0.0999648,5.02825e-09,1.98807e+07
158.795793,5.48363e-07,7.98702e-11,6865.67,0.0999638,1.65173e-07,605207
158.905839,-6.31809e-06,7.98702e-11,-79104.5,0.0999625,1.50384e-07,664716
159.015884,-2.77519e-05,8.34465e-11,-332571,0.0999636,1.44223e-07,693118
159.125929,-3.40939e-05,7.39098e-11,-461290,0.0999633,1.40655e-07,710698
159.235975,-3.57151e-05,9.17912e-11,-389091,0.0999637,1.37815e-07,725345
159.346020,-3.54052e-05,7.51018e-11,-471429,0.0999649,1.35856e-07,735817
159.456066,-3.92675e-05,8.9407e-11,-439200,0.0999645,1.34134e-07,745257
159.566111,-4.21286e-05,6.91414e-11,-609310,0.0999632,1.32561e-07,754094
159.676157,-4.26054e-05,9.05991e-11,-470263,0.0999624,1.31387e-07,760827
159.786202,-4.29869e-05,7.27177e-11,-591148,0.0999616,1.29927e-07,769365
159.896248,-9.99966,6.07967e-11,-1.64477e+11,0.0999622,3.36647e-09,2.96935e+07
160.006294,-9.9997,6.67572e-11,-1.49792e+11,0.0999631,4.22955e-09,2.36345e+07
160.116340,-9.99982,6.31809e-11,-1.58273e+11,0.0999657,4.69685e-09,2.12836e+07
160.226386,-9.99984,6.55651e-11,-1.52518e+11,0.0999658,5.01275e-09,1.99423e+07
160.336432,-9.53674e-07,7.7486e-11,-12307.7,0.0999628,1.65349e-07,604555
160.446477,-4.62532e-06,8.10623e-11,-57058.8,0.0999636,1.50656e-07,663524
160.556522,-2.70128e-05,8.82149e-11,-306216,0.0999662,1.44979e-07,689523
160.666567,-2.95162e-05,7.15256e-11,-412667,0.0999666,1.41298e-07,707490
160.776613,-3.29018e-05,8.46386e-11,-388732,0.0999656,1.38357e-07,722521
160.886658,-3.43084e-05,7.27177e-11,-471803,0.0999648,1.36253e-07,733672
160.996703,-3.76463e-05,9.53674e-11,-394750,0.099963,1.34456e-07,743462
161.106749,-3.93867e-05,7.39098e-11,-532903,0.0999627,1.32924e-07,752027
161.216794,-4.22001e-05,9.29832e-11,-453846,0.0999615,1.3145e-07,760455
161.326840,-4.37975e-05,7.03335e-11,-622712,0.0999619,1.30215e-07,767670
161.436886,-9.99971,5.72205e-11,-1.74758e+11,0.0999609,3.37481e-09,2.96197e+07
161.546932,-9.99971,6.07967e-11,-1.64478e+11,0.0999596,4.26292e-09,2.34486e+07
161.656978,-9.99986,6.19888e-11,-1.61317e+11,0.0999577,4.71234e-09,2.12119e+07
161.767023,-9.99988,6.67572e-11,-1.49795e+11,0.0999589,5.04851e-09,1.97997e+07
161.877069,-9.29832e-07,7.51018e-11,-12381,0.0999616,1.65771e-07,603009
161.987115,-7.62939e-06,7.39098e-11,-103226,0.099963,1.51027e-07,661887
162.097160,-2.94447e-05,8.22544e-11,-357971,0.099962,1.44799e-07,690351
162.207206,-3.69787e-05,7.15256e-11,-517000,0.099961,1.41572e-07,706080
162.317252,-3.83616e-05,8.9407e-11,-429067,0.0999603,1.3881e-07,720125
162.427298,-3.85046e-05,6.79493e-11,-566667,0.0999568,1.36765e-07,730864
162.537344,-3.96013e-05,8.46386e-11,-467887,0.0999571,1.34976e-07,740555
162.647390,-4.03166e-05,7.27177e-11,-554426,0.099955,1.33355e-07,749542
162.757436,-4.37737e-05,8.58307e-11,-510000,0.099955,1.31701e-07,758953
162.867481,-4.24862e-05,6.67572e-11,-636429,0.0999563,1.30352e-07,766820
162.977527,-4.62294e-05,8.46386e-11,-546197,0.0999571,1.28906e-07,775427
163.087572,-4.73976e-05,7.39098e-11,-641290,0.0999579,1.28185e-07,779797
163.197618,-4.96387e-05,8.70228e-11,-570411,0.0999591,1.27518e-07,783881
163.307664,-5.12123e-05,6.91414e-11,-740690,0.0999609,1.26946e-07,787428
163.417709,-5.36919e-05,8.10623e-11,-662353,0.0999614,1.26079e-07,792846
163.527754,-5.65767e-05,6.91414e-11,-818276,0.0999605,1.25393e-07,797179
163.637804,-6.13451e-05,7.27177e-11,-843607,0.0999594,1.24358e-07,803804
163.747850,-6.28948e-05,7.27177e-11,-864918,0.099959,1.24145e-07,805183
163.857895,-6.05345e-05,7.15256e-11,-846333,0.0999591,1.23432e-07,809834
163.967940,-5.80072e-05,7.03335e-11,-824746,0.099958,1.2292e-07,813194
164.077986,-5.91278e-05,7.15256e-11,-826667,0.0999575,1.22433e-07,816428
164.188031,-6.01769e-05,7.27177e-11,-827541,0.0999557,1.21629e-07,821806
164.298077,-5.84126e-05,6.79493e-11,-859649,0.0999578,1.21192e-07,824790
164.408123,-5.96046e-05,7.39098e-11,-806452,0.0999575,1.20646e-07,828521
164.518169,-5.76496e-05,7.98702e-11,-721791,0.0999587,1.20099e-07,832306
164.628214,-5.99384e-05,7.7486e-11,-773538,0.0999589,1.19503e-07,836458
164.738260,-5.73635e-05,7.39098e-11,-776129,0.0999586,1.19001e-07,839984
164.848306,-5.4884e-05,7.51018e-11,-730794,0.0999558,1.18647e-07,842467
164.958352,-5.62668e-05,7.62939e-11,-737500,0.0999571,1.18231e-07,845442
165.068397,-5.39541e-05,7.86781e-11,-685758,0.0999584,1.17636e-07,849728
165.178443,-5.27859e-05,7.51018e-11,-702857,0.0999583,1.17159e-07,853186
165.288488,-5.32627e-05,7.7486e-11,-687385,0.0999567,1.16462e-07,858281
165.398534,-5.17368e-05,7.98702e-11,-647761,0.0999578,1.16194e-07,860262
165.508580,-5.43833e-05,7.98702e-11,-680896,0.0999563,1.15799e-07,863190
165.618625,-5.28336e-05,7.51018e-11,-703492,0.0999556,1.15722e-07,863753
165.728670,-5.37157e-05,7.7486e-11,-693231,0.0999547,1.15396e-07,866190
165.838716,-5.52177e-05,7.15256e-11,-772000,0.099955,1.15056e-07,868751
165.948766,-5.5337e-05,7.86781e-11,-703333,0.099961,1.14828e-07,870525
166.058812,-5.6982e-05,7.7486e-11,-735385,0.0999604,1.14473e-07,873222
166.168858,-5.80072e-05,8.22544e-11,-705217,0.0999599,1.144e-07,873772
166.278904,-5.55754e-05,7.15256e-11,-777000,0.0999578,1.14079e-07,876219
166.388949,-5.55992e-05,8.34465e-11,-666286,0.0999547,1.1362e-07,879732
166.498995,-5.30481e-05,7.51018e-11,-706349,0.0999568,1.13297e-07,882258
166.609040,-5.42641e-05,7.7486e-11,-700308,0.0999561,1.12978e-07,884738
166.719086,-5.30005e-05,6.91414e-11,-766552,0.099958,1.12613e-07,887621
166.829132,-5.32389e-05,7.7486e-11,-687077,0.0999607,1.12402e-07,889311
166.939177,-5.37872e-05,7.27177e-11,-739672,0.0999595,1.12164e-07,891190
167.049223,-5.17845e-05,8.10623e-11,-638824,0.0999591,1.11908e-07,893228
167.159269,-5.35488e-05,7.51018e-11,-713016,0.0999609,1.11674e-07,895113
167.269314,-5.37634e-05,8.46386e-11,-635211,0.0999607,1.11328e-07,897890
167.379360,-5.24759e-05,7.03335e-11,-746102,0.0999594,1.11256e-07,898466
167.489406,-5.2619e-05,8.10623e-11,-649118,0.0999592,1.11054e-07,900094
167.599451,-5.01394e-05,7.62939e-11,-657188,0.09996,1.10584e-07,903925
167.709496,-5.21421e-05,8.22544e-11,-633913,0.0999596,1.10554e-07,904174
167.819541,-5.34058e-05,7.27177e-11,-734426,0.099958,1.10259e-07,906574
167.929587,-5.31912e-05,8.58307e-11,-619722,0.0999577,1.09935e-07,909245
168.039633,-5.29289e-05,6.91414e-11,-765517,0.0999597,1.09775e-07,910586
168.149678,-5.29289e-05,8.10623e-11,-652941,0.0999597,1.095e-07,912876
168.259727,-5.15938e-05,6.79493e-11,-759298,0.0999567,1.0928e-07,914681
168.369772,-5.42641e-05,8.46386e-11,-641127,0.0999574,1.09295e-07,914568
168.479818,-5.45979e-05,6.4373e-11,-848148,0.099957,1.09131e-07,915933
168.589864,-5.3978e-05,8.10623e-11,-665882,0.0999558,1.08621e-07,920224
168.699910,-5.38826e-05,6.55651e-11,-821818,0.0999549,1.08365e-07,922393
168.809956,-5.62668e-05,7.98702e-11,-704478,0.0999542,1.08275e-07,923148
