first_offset,command,count
27568,*RST,2
29071,print(errorqueue.next()),2820
30913,tsplink.trigger[1].reset(),2
34280,tsplink.trigger[2].reset(),2
47726,smua.measure.delay = 0.01,1
51092,smua.source.delay = 0,2
54454,smua.trigger.count = 1281,2
57820,smub.trigger.count = 1281,2
61186,smub.measure.delay = 0.01,1
64552,smub.source.delay = 0,2
67914,smub.source.func = 1,1
71275,smua.source.func = 1,1
74636,tsplink.trigger[1].mode = tsplink.TRIG_BYPASS,1
78022,tsplink.trigger[2].mode = tsplink.TRIG_BYPASS,1
81408,tsplink.trigger[3].mode = tsplink.TRIG_BYPASS,1
84794,smua.source.autorangev = smua.AUTORANGE_ON,1
88177,smua.trigger.source.limiti = 0,1
91548,smua.source.highc = smua.DISABLE,1
94921,smua.source.offmode = smua.OUTPUT_NORMAL,1
98302,smub.source.autorangev = smub.AUTORANGE_OFF,1
101686,smub.source.rangev = 0.2,1
105051,smub.trigger.source.limiti = 0,1
108422,smub.source.highc = smub.DISABLE,1
111795,smub.source.offmode = smub.OUTPUT_NORMAL,1
115176,smua.measure.rel.leveli = 0,1
118544,smua.measure.filter.count = 10,1
121915,smub.measure.filter.count = 10,1
125286,smua.measure.rangei = 1E-05,1
128654,smua.sense = smua.SENSE_LOCAL,1
132024,smub.sense = smub.SENSE_LOCAL,1
135394,smub.measure.rangei = 1E-05,1
138762,smub.source.levelv = 0.1,2
142127,smua.source.levelv = 0,2
145490,smub.measure.rel.leveli = 0,1
148858,smub.measure.filter.enable = smub.FILTER_OFF,1
152243,smua.measure.filter.enable = smua.FILTER_OFF,1
155628,smua.source.limiti = 0.5,1
158993,smub.source.limiti = 5E-05,1
162360,smua.measure.lowrangei = 1E-10,1
165731,smub.measure.lowrangei = 1E-10,1
169102,smua.measure.nplc = 0.999,1
172468,smub.measure.nplc = 0.999,1
175834,smub.measure.autozero = smub.AUTOZERO_AUTO,1
179217,smua.measure.autozero = smua.AUTOZERO_AUTO,1
182600,smub.source.output = smub.OUTPUT_OFF,2
185977,smua.source.output = smua.OUTPUT_OFF,2
189354,smua.abort(),1
190474,smua.source.func = smua.OUTPUT_DCVOLTS,1
193853,KSSweepListTable_CHa = {},1
197219,"table.insert(KSSweepListTable_CHa,0) table.insert(KSSweepListTable_CHa,0) table.insert(KSSweepListTable_CHa,0) table.insert(KSSweepListTable_CHa,0) table.insert(KSSweepListTable_CHa,0) table.insert(KSSweepListTable_CHa,0) table.insert(KSSweepListTable_CHa,0) table.insert(KSSweepListTable_CHa,0) table.insert(KSSweepListTable_CHa,0) table.insert(KSSweepListTable_CHa,0) table.insert(KSSweepListTable_CHa,0) table.insert(KSSweepListTable_CHa,0) table.insert(KSSweepListTable_CHa,0) table.insert(KSSweepListTable_CHa,0) ",26
251245,"table.insert(KSSweepListTable_CHa,0) table.insert(KSSweepListTable_CHa,0) table.insert(KSSweepListTable_CHa,0) table.insert(KSSweepListTable_CHa,0) table.insert(KSSweepListTable_CHa,0) table.insert(KSSweepListTable_CHa,0) table.insert(KSSweepListTable_CHa,0) table.insert(KSSweepListTable_CHa,0) table.insert(KSSweepListTable_CHa,0) table.insert(KSSweepListTable_CHa,0) table.insert(KSSweepListTable_CHa,0) table.insert(KSSweepListTable_CHa,0) table.insert(KSSweepListTable_CHa,0) table.insert(KSSweepListTable_CHa,-2) ",1
255105,"table.insert(KSSweepListTable_CHa,-2) table.insert(KSSweepListTable_CHa,-2) table.insert(KSSweepListTable_CHa,0) table.insert(KSSweepListTable_CHa,0) table.insert(KSSweepListTable_CHa,0) table.insert(KSSweepListTable_CHa,0) table.insert(KSSweepListTable_CHa,0) table.insert(KSSweepListTable_CHa,0) table.insert(KSSweepListTable_CHa,-2) table.insert(KSSweepListTable_CHa,-2) table.insert(KSSweepListTable_CHa,-2) table.insert(KSSweepListTable_CHa,0) table.insert(KSSweepListTable_CHa,0) table.insert(KSSweepListTable_CHa,0) ",4
258969,"table.insert(KSSweepListTable_CHa,0) table.insert(KSSweepListTable_CHa,0) table.insert(KSSweepListTable_CHa,0) table.insert(KSSweepListTable_CHa,-2) table.insert(KSSweepListTable_CHa,-2) table.insert(KSSweepListTable_CHa,-2) table.insert(KSSweepListTable_CHa,0) table.insert(KSSweepListTable_CHa,0) table.insert(KSSweepListTable_CHa,0) table.insert(KSSweepListTable_CHa,0) table.insert(KSSweepListTable_CHa,0) table.insert(KSSweepListTable_CHa,0) table.insert(KSSweepListTable_CHa,-2) table.insert(KSSweepListTable_CHa,-2) ",4
262833,"table.insert(KSSweepListTable_CHa,-2) table.insert(KSSweepListTable_CHa,0) table.insert(KSSweepListTable_CHa,0) table.insert(KSSweepListTable_CHa,0) table.insert(KSSweepListTable_CHa,0) table.insert(KSSweepListTable_CHa,0) table.insert(KSSweepListTable_CHa,0) table.insert(KSSweepListTable_CHa,-2) table.insert(KSSweepListTable_CHa,-2) table.insert(KSSweepListTable_CHa,-2) table.insert(KSSweepListTable_CHa,0) table.insert(KSSweepListTable_CHa,0) table.insert(KSSweepListTable_CHa,0) table.insert(KSSweepListTable_CHa,0) ",4
266696,"table.insert(KSSweepListTable_CHa,0) table.insert(KSSweepListTable_CHa,0) table.insert(KSSweepListTable_CHa,-2) table.insert(KSSweepListTable_CHa,-2) table.insert(KSSweepListTable_CHa,-2) table.insert(KSSweepListTable_CHa,0) table.insert(KSSweepListTable_CHa,0) table.insert(KSSweepListTable_CHa,0) table.insert(KSSweepListTable_CHa,0) table.insert(KSSweepListTable_CHa,0) table.insert(KSSweepListTable_CHa,0) table.insert(KSSweepListTable_CHa,-2) table.insert(KSSweepListTable_CHa,-2) table.insert(KSSweepListTable_CHa,-2) ",4
270561,"table.insert(KSSweepListTable_CHa,0) table.insert(KSSweepListTable_CHa,0) table.insert(KSSweepListTable_CHa,0) table.insert(KSSweepListTable_CHa,0) table.insert(KSSweepListTable_CHa,0) table.insert(KSSweepListTable_CHa,0) table.insert(KSSweepListTable_CHa,-2) table.insert(KSSweepListTable_CHa,-2) table.insert(KSSweepListTable_CHa,-2) table.insert(KSSweepListTable_CHa,0) table.insert(KSSweepListTable_CHa,0) table.insert(KSSweepListTable_CHa,0) table.insert(KSSweepListTable_CHa,0) table.insert(KSSweepListTable_CHa,0) ",4
274423,"table.insert(KSSweepListTable_CHa,0) table.insert(KSSweepListTable_CHa,-2) table.insert(KSSweepListTable_CHa,-2) table.insert(KSSweepListTable_CHa,-2) table.insert(KSSweepListTable_CHa,0) table.insert(KSSweepListTable_CHa,0) table.insert(KSSweepListTable_CHa,0) table.insert(KSSweepListTable_CHa,0) table.insert(KSSweepListTable_CHa,0) table.insert(KSSweepListTable_CHa,0) table.insert(KSSweepListTable_CHa,-2) table.insert(KSSweepListTable_CHa,-2) table.insert(KSSweepListTable_CHa,-2) table.insert(KSSweepListTable_CHa,0) ",3
278288,"table.insert(KSSweepListTable_CHa,0) table.insert(KSSweepListTable_CHa,0) table.insert(KSSweepListTable_CHa,0) table.insert(KSSweepListTable_CHa,0) table.insert(KSSweepListTable_CHa,0) table.insert(KSSweepListTable_CHa,-2) table.insert(KSSweepListTable_CHa,-2) table.insert(KSSweepListTable_CHa,-2) table.insert(KSSweepListTable_CHa,0) table.insert(KSSweepListTable_CHa,0) table.insert(KSSweepListTable_CHa,0) table.insert(KSSweepListTable_CHa,0) table.insert(KSSweepListTable_CHa,0) table.insert(KSSweepListTable_CHa,0) ",3
282150,"table.insert(KSSweepListTable_CHa,-2) table.insert(KSSweepListTable_CHa,-2) table.insert(KSSweepListTable_CHa,-2) table.insert(KSSweepListTable_CHa,0) table.insert(KSSweepListTable_CHa,0) table.insert(KSSweepListTable_CHa,0) table.insert(KSSweepListTable_CHa,0) table.insert(KSSweepListTable_CHa,0) table.insert(KSSweepListTable_CHa,0) table.insert(KSSweepListTable_CHa,-2) table.insert(KSSweepListTable_CHa,-2) table.insert(KSSweepListTable_CHa,-2) table.insert(KSSweepListTable_CHa,0) table.insert(KSSweepListTable_CHa,0) ",3
286015,"table.insert(KSSweepListTable_CHa,0) table.insert(KSSweepListTable_CHa,0) table.insert(KSSweepListTable_CHa,0) table.insert(KSSweepListTable_CHa,0) table.insert(KSSweepListTable_CHa,-2) table.insert(KSSweepListTable_CHa,-2) table.insert(KSSweepListTable_CHa,-2) table.insert(KSSweepListTable_CHa,0) table.insert(KSSweepListTable_CHa,0) table.insert(KSSweepListTable_CHa,0) table.insert(KSSweepListTable_CHa,0) table.insert(KSSweepListTable_CHa,0) table.insert(KSSweepListTable_CHa,0) table.insert(KSSweepListTable_CHa,-2) ",3
378742,"table.insert(KSSweepListTable_CHa,0) table.insert(KSSweepListTable_CHa,2) table.insert(KSSweepListTable_CHa,2) table.insert(KSSweepListTable_CHa,2) table.insert(KSSweepListTable_CHa,0) table.insert(KSSweepListTable_CHa,0) table.insert(KSSweepListTable_CHa,0) table.insert(KSSweepListTable_CHa,0) table.insert(KSSweepListTable_CHa,0) table.insert(KSSweepListTable_CHa,0) table.insert(KSSweepListTable_CHa,2) table.insert(KSSweepListTable_CHa,2) table.insert(KSSweepListTable_CHa,2) table.insert(KSSweepListTable_CHa,0) ",4
382601,"table.insert(KSSweepListTable_CHa,0) table.insert(KSSweepListTable_CHa,0) table.insert(KSSweepListTable_CHa,0) table.insert(KSSweepListTable_CHa,0) table.insert(KSSweepListTable_CHa,0) table.insert(KSSweepListTable_CHa,2) table.insert(KSSweepListTable_CHa,2) table.insert(KSSweepListTable_CHa,2) table.insert(KSSweepListTable_CHa,0) table.insert(KSSweepListTable_CHa,0) table.insert(KSSweepListTable_CHa,0) table.insert(KSSweepListTable_CHa,0) table.insert(KSSweepListTable_CHa,0) table.insert(KSSweepListTable_CHa,0) ",4
386460,"table.insert(KSSweepListTable_CHa,2) table.insert(KSSweepListTable_CHa,2) table.insert(KSSweepListTable_CHa,2) table.insert(KSSweepListTable_CHa,0) table.insert(KSSweepListTable_CHa,0) table.insert(KSSweepListTable_CHa,0) table.insert(KSSweepListTable_CHa,0) table.insert(KSSweepListTable_CHa,0) table.insert(KSSweepListTable_CHa,0) table.insert(KSSweepListTable_CHa,2) table.insert(KSSweepListTable_CHa,2) table.insert(KSSweepListTable_CHa,2) table.insert(KSSweepListTable_CHa,0) table.insert(KSSweepListTable_CHa,0) ",4
390319,"table.insert(KSSweepListTable_CHa,0) table.insert(KSSweepListTable_CHa,0) table.insert(KSSweepListTable_CHa,0) table.insert(KSSweepListTable_CHa,0) table.insert(KSSweepListTable_CHa,2) table.insert(KSSweepListTable_CHa,2) table.insert(KSSweepListTable_CHa,2) table.insert(KSSweepListTable_CHa,0) table.insert(KSSweepListTable_CHa,0) table.insert(KSSweepListTable_CHa,0) table.insert(KSSweepListTable_CHa,0) table.insert(KSSweepListTable_CHa,0) table.insert(KSSweepListTable_CHa,0) table.insert(KSSweepListTable_CHa,2) ",4
394178,"table.insert(KSSweepListTable_CHa,2) table.insert(KSSweepListTable_CHa,2) table.insert(KSSweepListTable_CHa,0) table.insert(KSSweepListTable_CHa,0) table.insert(KSSweepListTable_CHa,0) table.insert(KSSweepListTable_CHa,0) table.insert(KSSweepListTable_CHa,0) table.insert(KSSweepListTable_CHa,0) table.insert(KSSweepListTable_CHa,2) table.insert(KSSweepListTable_CHa,2) table.insert(KSSweepListTable_CHa,2) table.insert(KSSweepListTable_CHa,0) table.insert(KSSweepListTable_CHa,0) table.insert(KSSweepListTable_CHa,0) ",4
398037,"table.insert(KSSweepListTable_CHa,0) table.insert(KSSweepListTable_CHa,0) table.insert(KSSweepListTable_CHa,0) table.insert(KSSweepListTable_CHa,2) table.insert(KSSweepListTable_CHa,2) table.insert(KSSweepListTable_CHa,2) table.insert(KSSweepListTable_CHa,0) table.insert(KSSweepListTable_CHa,0) table.insert(KSSweepListTable_CHa,0) table.insert(KSSweepListTable_CHa,0) table.insert(KSSweepListTable_CHa,0) table.insert(KSSweepListTable_CHa,0) table.insert(KSSweepListTable_CHa,2) table.insert(KSSweepListTable_CHa,2) ",3
401896,"table.insert(KSSweepListTable_CHa,2) table.insert(KSSweepListTable_CHa,0) table.insert(KSSweepListTable_CHa,0) table.insert(KSSweepListTable_CHa,0) table.insert(KSSweepListTable_CHa,0) table.insert(KSSweepListTable_CHa,0) table.insert(KSSweepListTable_CHa,0) table.insert(KSSweepListTable_CHa,2) table.insert(KSSweepListTable_CHa,2) table.insert(KSSweepListTable_CHa,2) table.insert(KSSweepListTable_CHa,0) table.insert(KSSweepListTable_CHa,0) table.insert(KSSweepListTable_CHa,0) table.insert(KSSweepListTable_CHa,0) ",3
405755,"table.insert(KSSweepListTable_CHa,0) table.insert(KSSweepListTable_CHa,0) table.insert(KSSweepListTable_CHa,2) table.insert(KSSweepListTable_CHa,2) table.insert(KSSweepListTable_CHa,2) table.insert(KSSweepListTable_CHa,0) table.insert(KSSweepListTable_CHa,0) table.insert(KSSweepListTable_CHa,0) table.insert(KSSweepListTable_CHa,0) table.insert(KSSweepListTable_CHa,0) table.insert(KSSweepListTable_CHa,0) table.insert(KSSweepListTable_CHa,2) table.insert(KSSweepListTable_CHa,2) table.insert(KSSweepListTable_CHa,2) ",3
409614,"table.insert(KSSweepListTable_CHa,0) table.insert(KSSweepListTable_CHa,0) table.insert(KSSweepListTable_CHa,0) table.insert(KSSweepListTable_CHa,0) table.insert(KSSweepListTable_CHa,0) table.insert(KSSweepListTable_CHa,0) table.insert(KSSweepListTable_CHa,2) table.insert(KSSweepListTable_CHa,2) table.insert(KSSweepListTable_CHa,2) table.insert(KSSweepListTable_CHa,0) table.insert(KSSweepListTable_CHa,0) table.insert(KSSweepListTable_CHa,0) table.insert(KSSweepListTable_CHa,0) table.insert(KSSweepListTable_CHa,0) ",3
548538,"table.insert(KSSweepListTable_CHa,0) table.insert(KSSweepListTable_CHa,0) table.insert(KSSweepListTable_CHa,0) table.insert(KSSweepListTable_CHa,0) table.insert(KSSweepListTable_CHa,0) table.insert(KSSweepListTable_CHa,0) table.insert(KSSweepListTable_CHa,0) ",1
555501,smua.trigger.source.listv(KSSweepListTable_CHa),1
558889,smua.trigger.source.action = smua.ENABLE,1
566023,print(smua.measure.nplc),1
570059,smua.measure.autozero = smua.AUTOZERO_OFF,1
573441,smua.measure.interval = 0,1
576807,smua.measure.delay = 0,1
580170,smua.measure.count = 1,1
583533,KSBuffer_Measure_CHa.clear(),1
586902,KSBuffer_Source_CHa.clear(),1
590270,KSBuffer_Measure_CHa.collectsourcevalues = 0,1
593655,KSBuffer_Source_CHa.collectsourcevalues = 0,1
597039,"smua.trigger.measure.iv(KSBuffer_Measure_CHa, KSBuffer_Source_CHa)",1
600446,KSBuffer_Measure_CHa.collectsourcevalues = 1,1
603831,KSBuffer_Source_CHa.collectsourcevalues = 1,1
607215,smua.trigger.measure.action = smua.ENABLE,1
610597,smua.trigger.arm.stimulus = 0,1
613967,smua.trigger.arm.count = 1,1
620700,trigger.blender[1].clear(),3
624067,trigger.blender[1].orenable = true,1
627442,trigger.blender[1].stimulus[1] = smua.trigger.ARMED_EVENT_ID,1
630843,trigger.blender[1].stimulus[2] = trigger.blender[3].EVENT_ID,1
634244,trigger.blender[2].clear(),3
637611,trigger.blender[2].orenable = false,1
640987,trigger.blender[2].stimulus[1] = smua.trigger.SOURCE_COMPLETE_EVENT_ID,1
644398,trigger.blender[3].clear(),3
647765,trigger.blender[3].orenable = false,1
651141,trigger.blender[3].stimulus[1] = smua.trigger.PULSE_COMPLETE_EVENT_ID,1
654551,smua.trigger.source.stimulus = trigger.blender[1].EVENT_ID,1
657950,trigger.timer[1].count = 1,1
661317,trigger.timer[1].delay = 0.01,1
664687,trigger.timer[1].passthrough = false,1
668064,trigger.timer[1].stimulus = trigger.blender[1].EVENT_ID,1
671460,trigger.blender[2].stimulus[3] = trigger.timer[1].EVENT_ID,1
674859,smua.trigger.measure.stimulus = trigger.blender[2].EVENT_ID,1
678259,smua.trigger.endpulse.action = smua.SOURCE_HOLD,1
681647,smua.trigger.endsweep.action = smua.SOURCE_HOLD,1
685035,smub.abort(),2
686155,smub.source.func = smub.OUTPUT_DCVOLTS,1
692899,"smub.trigger.source.linearv(0.1, 0.1, 10)",1
696281,smub.trigger.source.action = smub.ENABLE,1
703415,print(smub.measure.nplc),1
707451,smub.measure.autozero = smub.AUTOZERO_OFF,1
710833,smub.measure.interval = 0,1
714199,smub.measure.delay = 0,1
717562,smub.measure.count = 1,1
720925,KSBuffer_Measure_CHb.clear(),1
724294,KSBuffer_Source_CHb.clear(),1
727662,KSBuffer_Measure_CHb.collectsourcevalues = 0,1
731047,KSBuffer_Source_CHb.collectsourcevalues = 0,1
734431,"smub.trigger.measure.iv(KSBuffer_Measure_CHb, KSBuffer_Source_CHb)",1
737838,KSBuffer_Measure_CHb.collectsourcevalues = 1,1
741223,KSBuffer_Source_CHb.collectsourcevalues = 1,1
744607,smub.trigger.measure.action = smub.ENABLE,1
747989,smub.trigger.arm.stimulus = 0,1
751359,smub.trigger.arm.count = 1,1
758092,smub.trigger.source.stimulus = trigger.blender[1].EVENT_ID,1
761491,smub.trigger.measure.stimulus = trigger.blender[2].EVENT_ID,1
764891,trigger.blender[2].stimulus[2] = smub.trigger.SOURCE_COMPLETE_EVENT_ID,1
768302,trigger.blender[3].stimulus[2] = smub.trigger.PULSE_COMPLETE_EVENT_ID,1
771712,smub.trigger.endpulse.action = smub.SOURCE_HOLD,1
775100,smub.trigger.endsweep.action = smub.SOURCE_HOLD,1
778488,*CLS,2
779600,status.reset(),2
784089,trigger.timer[1].clear(),2
790821,trigger.timer[2].clear(),2
797553,trigger.timer[3].clear(),2
800918,smub.source.output = smub.OUTPUT_ON,1
804627,smub.trigger.initiate(),1
808382,print(KSBuffer_Measure_CHb.n),1250
825888,opc(),2489
827392,print(status.standard.event),2489
838130,smua.source.output = smua.OUTPUT_ON,1
841839,smua.trigger.initiate(),1
846707,print(KSBuffer_Measure_CHa.n),1239
891482,format.data = format.REAL64,2592
894850,"printbuffer(1, 1, KSBuffer_Source_CHa.readings)",1
900798,"printbuffer(1, 1, KSBuffer_Measure_CHa.readings)",1
906747,"printbuffer(1, 1, KSBuffer_Measure_CHa.timestamps)",1
923718,"printbuffer(1, 1, KSBuffer_Source_CHb.readings)",1
929666,"printbuffer(1, 1, KSBuffer_Measure_CHb.readings)",1
935615,"printbuffer(1, 1, KSBuffer_Measure_CHb.timestamps)",1
958096,"printbuffer(2, 2, KSBuffer_Source_CHa.readings)",1
964044,"printbuffer(2, 2, KSBuffer_Measure_CHa.readings)",1
969993,"printbuffer(2, 2, KSBuffer_Measure_CHa.timestamps)",1
986964,"printbuffer(2, 2, KSBuffer_Source_CHb.readings)",1
992912,"printbuffer(2, 2, KSBuffer_Measure_CHb.readings)",1
999974,"printbuffer(2, 2, KSBuffer_Measure_CHb.timestamps)",1
1033475,"printbuffer(3, 3, KSBuffer_Source_CHa.readings)",1
1039423,"printbuffer(3, 3, KSBuffer_Measure_CHa.readings)",1
1045372,"printbuffer(3, 3, KSBuffer_Measure_CHa.timestamps)",1
1056833,"printbuffer(3, 3, KSBuffer_Source_CHb.readings)",1
1062781,"printbuffer(3, 3, KSBuffer_Measure_CHb.readings)",1
1068730,"printbuffer(3, 3, KSBuffer_Measure_CHb.timestamps)",1
1090098,"printbuffer(4, 4, KSBuffer_Source_CHa.readings)",1
1096046,"printbuffer(4, 4, KSBuffer_Measure_CHa.readings)",1
1101995,"printbuffer(4, 4, KSBuffer_Measure_CHa.timestamps)",1
1118966,"printbuffer(4, 4, KSBuffer_Source_CHb.readings)",1
1124914,"printbuffer(4, 4, KSBuffer_Measure_CHb.readings)",1
1130863,"printbuffer(4, 4, KSBuffer_Measure_CHb.timestamps)",1
1165477,"printbuffer(5, 5, KSBuffer_Source_CHb.readings)",1
1171425,"printbuffer(5, 5, KSBuffer_Measure_CHb.readings)",1
1177374,"printbuffer(5, 5, KSBuffer_Measure_CHb.timestamps)",1
1188835,"printbuffer(5, 5, KSBuffer_Source_CHa.readings)",1
1194783,"printbuffer(5, 5, KSBuffer_Measure_CHa.readings)",1
1200732,"printbuffer(5, 5, KSBuffer_Measure_CHa.timestamps)",1
1227610,"printbuffer(6, 6, KSBuffer_Source_CHb.readings)",1
1233558,"printbuffer(6, 6, KSBuffer_Measure_CHb.readings)",1
1239507,"printbuffer(6, 6, KSBuffer_Measure_CHb.timestamps)",1
1256478,"printbuffer(6, 6, KSBuffer_Source_CHa.readings)",1
1262426,"printbuffer(6, 6, KSBuffer_Measure_CHa.readings)",1
1268375,"printbuffer(6, 6, KSBuffer_Measure_CHa.timestamps)",1
1290856,"printbuffer(7, 7, KSBuffer_Source_CHa.readings)",1
1296804,"printbuffer(7, 7, KSBuffer_Measure_CHa.readings)",1
1302753,"printbuffer(7, 7, KSBuffer_Measure_CHa.timestamps)",1
1319724,"printbuffer(7, 7, KSBuffer_Source_CHb.readings)",1
1325672,"printbuffer(7, 7, KSBuffer_Measure_CHb.readings)",1
1331621,"printbuffer(7, 7, KSBuffer_Measure_CHb.timestamps)",1
1354102,"printbuffer(8, 8, KSBuffer_Source_CHb.readings)",1
1360050,"printbuffer(8, 8, KSBuffer_Measure_CHb.readings)",1
1365999,"printbuffer(8, 8, KSBuffer_Measure_CHb.timestamps)",1
1382970,"printbuffer(8, 8, KSBuffer_Source_CHa.readings)",1
1388918,"printbuffer(8, 8, KSBuffer_Measure_CHa.readings)",1
1394867,"printbuffer(8, 8, KSBuffer_Measure_CHa.timestamps)",1
1422858,"printbuffer(9, 9, KSBuffer_Source_CHb.readings)",1
1428806,"printbuffer(9, 9, KSBuffer_Measure_CHb.readings)",1
1434755,"printbuffer(9, 9, KSBuffer_Measure_CHb.timestamps)",1
1451726,"printbuffer(9, 9, KSBuffer_Source_CHa.readings)",1
1457674,"printbuffer(9, 9, KSBuffer_Measure_CHa.readings)",1
1463623,"printbuffer(9, 9, KSBuffer_Measure_CHa.timestamps)",1
1491614,"printbuffer(10, 10, KSBuffer_Source_CHb.readings)",1
1497564,"printbuffer(10, 10, KSBuffer_Measure_CHb.readings)",1
1503515,"printbuffer(10, 10, KSBuffer_Measure_CHb.timestamps)",1
1520488,"printbuffer(10, 10, KSBuffer_Source_CHa.readings)",1
1526438,"printbuffer(10, 10, KSBuffer_Measure_CHa.readings)",1
1532389,"printbuffer(10, 10, KSBuffer_Measure_CHa.timestamps)",1
1555985,"printbuffer(11, 11, KSBuffer_Source_CHa.readings)",1
1561935,"printbuffer(11, 11, KSBuffer_Measure_CHa.readings)",1
1567886,"printbuffer(11, 11, KSBuffer_Measure_CHa.timestamps)",1
1579349,"printbuffer(11, 11, KSBuffer_Source_CHb.readings)",1
1585299,"printbuffer(11, 11, KSBuffer_Measure_CHb.readings)",1
1591250,"printbuffer(11, 11, KSBuffer_Measure_CHb.timestamps)",1
1618130,"printbuffer(12, 12, KSBuffer_Source_CHb.readings)",1
1624080,"printbuffer(12, 12, KSBuffer_Measure_CHb.readings)",1
1630031,"printbuffer(12, 12, KSBuffer_Measure_CHb.timestamps)",1
1647004,"printbuffer(12, 12, KSBuffer_Source_CHa.readings)",1
1652954,"printbuffer(12, 12, KSBuffer_Measure_CHa.readings)",1
1658905,"printbuffer(12, 12, KSBuffer_Measure_CHa.timestamps)",1
1692648,"printbuffer(13, 13, KSBuffer_Source_CHa.readings)",1
1698598,"printbuffer(13, 13, KSBuffer_Measure_CHa.readings)",1
1704549,"printbuffer(13, 13, KSBuffer_Measure_CHa.timestamps)",1
1721522,"printbuffer(13, 13, KSBuffer_Source_CHb.readings)",1
1727472,"printbuffer(13, 13, KSBuffer_Measure_CHb.readings)",1
1733423,"printbuffer(13, 13, KSBuffer_Measure_CHb.timestamps)",1
1757019,"printbuffer(14, 14, KSBuffer_Source_CHb.readings)",1
1762969,"printbuffer(14, 14, KSBuffer_Measure_CHb.readings)",1
1768920,"printbuffer(14, 14, KSBuffer_Measure_CHb.timestamps)",1
1784780,"printbuffer(14, 14, KSBuffer_Source_CHa.readings)",1
1790730,"printbuffer(14, 14, KSBuffer_Measure_CHa.readings)",1
1797794,"printbuffer(14, 14, KSBuffer_Measure_CHa.timestamps)",1
1824877,"printbuffer(15, 15, KSBuffer_Source_CHa.readings)",1
1830827,"printbuffer(15, 15, KSBuffer_Measure_CHa.readings)",1
1836778,"printbuffer(15, 15, KSBuffer_Measure_CHa.timestamps)",1
1853751,"printbuffer(15, 15, KSBuffer_Source_CHb.readings)",1
1859701,"printbuffer(15, 15, KSBuffer_Measure_CHb.readings)",1
1865652,"printbuffer(15, 15, KSBuffer_Measure_CHb.timestamps)",1
1899155,"printbuffer(16, 16, KSBuffer_Source_CHb.readings)",1
1905105,"printbuffer(16, 16, KSBuffer_Measure_CHb.readings)",1
1911056,"printbuffer(16, 16, KSBuffer_Measure_CHb.timestamps)",1
1928029,"printbuffer(16, 16, KSBuffer_Source_CHa.readings)",1
1933979,"printbuffer(16, 16, KSBuffer_Measure_CHa.readings)",1
1939930,"printbuffer(16, 16, KSBuffer_Measure_CHa.timestamps)",1
1967923,"printbuffer(17, 17, KSBuffer_Source_CHb.readings)",1
1973873,"printbuffer(17, 17, KSBuffer_Measure_CHb.readings)",1
1979824,"printbuffer(17, 17, KSBuffer_Measure_CHb.timestamps)",1
1996797,"printbuffer(17, 17, KSBuffer_Source_CHa.readings)",1
2002747,"printbuffer(17, 17, KSBuffer_Measure_CHa.readings)",1
2008698,"printbuffer(17, 17, KSBuffer_Measure_CHa.timestamps)",1
2036691,"printbuffer(18, 18, KSBuffer_Source_CHb.readings)",1
2042641,"printbuffer(18, 18, KSBuffer_Measure_CHb.readings)",1
2048592,"printbuffer(18, 18, KSBuffer_Measure_CHb.timestamps)",1
2065565,"printbuffer(18, 18, KSBuffer_Source_CHa.readings)",1
2071515,"printbuffer(18, 18, KSBuffer_Measure_CHa.readings)",1
2077466,"printbuffer(18, 18, KSBuffer_Measure_CHa.timestamps)",1
2110969,"printbuffer(19, 19, KSBuffer_Source_CHa.readings)",1
2116919,"printbuffer(19, 19, KSBuffer_Measure_CHa.readings)",1
2122870,"printbuffer(19, 19, KSBuffer_Measure_CHa.timestamps)",1
2139843,"printbuffer(19, 19, KSBuffer_Source_CHb.readings)",1
2145793,"printbuffer(19, 19, KSBuffer_Measure_CHb.readings)",1
2151744,"printbuffer(19, 19, KSBuffer_Measure_CHb.timestamps)",1
2179737,"printbuffer(20, 20, KSBuffer_Source_CHa.readings)",1
2185687,"printbuffer(20, 20, KSBuffer_Measure_CHa.readings)",1
2191638,"printbuffer(20, 20, KSBuffer_Measure_CHa.timestamps)",1
2208611,"printbuffer(20, 20, KSBuffer_Source_CHb.readings)",1
2214561,"printbuffer(20, 20, KSBuffer_Measure_CHb.readings)",1
2220512,"printbuffer(20, 20, KSBuffer_Measure_CHb.timestamps)",1
2254015,"printbuffer(21, 21, KSBuffer_Source_CHb.readings)",1
2259965,"printbuffer(21, 21, KSBuffer_Measure_CHb.readings)",1
2267029,"printbuffer(21, 21, KSBuffer_Measure_CHb.timestamps)",1
2282889,"printbuffer(21, 21, KSBuffer_Source_CHa.readings)",1
2288839,"printbuffer(21, 21, KSBuffer_Measure_CHa.readings)",1
2294790,"printbuffer(21, 21, KSBuffer_Measure_CHa.timestamps)",1
2311763,"printbuffer(22, 22, KSBuffer_Source_CHb.readings)",1
2317713,"printbuffer(22, 22, KSBuffer_Measure_CHb.readings)",1
2323664,"printbuffer(22, 22, KSBuffer_Measure_CHb.timestamps)",1
2335127,"printbuffer(22, 22, KSBuffer_Source_CHa.readings)",1
2342190,"printbuffer(22, 22, KSBuffer_Measure_CHa.readings)",1
2348141,"printbuffer(22, 22, KSBuffer_Measure_CHa.timestamps)",1
2375021,"printbuffer(23, 23, KSBuffer_Source_CHb.readings)",1
2380971,"printbuffer(23, 23, KSBuffer_Measure_CHb.readings)",1
2386922,"printbuffer(23, 23, KSBuffer_Measure_CHb.timestamps)",1
2403895,"printbuffer(23, 23, KSBuffer_Source_CHa.readings)",1
2409845,"printbuffer(23, 23, KSBuffer_Measure_CHa.readings)",1
2415796,"printbuffer(23, 23, KSBuffer_Measure_CHa.timestamps)",1
2449299,"printbuffer(24, 24, KSBuffer_Source_CHa.readings)",1
2455249,"printbuffer(24, 24, KSBuffer_Measure_CHa.readings)",1
2461200,"printbuffer(24, 24, KSBuffer_Measure_CHa.timestamps)",1
2478173,"printbuffer(24, 24, KSBuffer_Source_CHb.readings)",1
2484123,"printbuffer(24, 24, KSBuffer_Measure_CHb.readings)",1
2490074,"printbuffer(24, 24, KSBuffer_Measure_CHb.timestamps)",1
2512557,"printbuffer(25, 25, KSBuffer_Source_CHb.readings)",1
2518507,"printbuffer(25, 25, KSBuffer_Measure_CHb.readings)",1
2524458,"printbuffer(25, 25, KSBuffer_Measure_CHb.timestamps)",1
2541431,"printbuffer(25, 25, KSBuffer_Source_CHa.readings)",1
2547381,"printbuffer(25, 25, KSBuffer_Measure_CHa.readings)",1
2553332,"printbuffer(25, 25, KSBuffer_Measure_CHa.timestamps)",1
2586835,"printbuffer(26, 26, KSBuffer_Source_CHa.readings)",1
2592785,"printbuffer(26, 26, KSBuffer_Measure_CHa.readings)",1
2598736,"printbuffer(26, 26, KSBuffer_Measure_CHa.timestamps)",1
2615709,"printbuffer(26, 26, KSBuffer_Source_CHb.readings)",1
2621659,"printbuffer(26, 26, KSBuffer_Measure_CHb.readings)",1
2627610,"printbuffer(26, 26, KSBuffer_Measure_CHb.timestamps)",1
2650093,"printbuffer(27, 27, KSBuffer_Source_CHb.readings)",1
2656043,"printbuffer(27, 27, KSBuffer_Measure_CHb.readings)",1
2661994,"printbuffer(27, 27, KSBuffer_Measure_CHb.timestamps)",1
2673457,"printbuffer(27, 27, KSBuffer_Source_CHa.readings)",1
2680520,"printbuffer(27, 27, KSBuffer_Measure_CHa.readings)",1
2686471,"printbuffer(27, 27, KSBuffer_Measure_CHa.timestamps)",1
2718861,"printbuffer(28, 28, KSBuffer_Source_CHa.readings)",1
2724811,"printbuffer(28, 28, KSBuffer_Measure_CHa.readings)",1
2730762,"printbuffer(28, 28, KSBuffer_Measure_CHa.timestamps)",1
2747735,"printbuffer(28, 28, KSBuffer_Source_CHb.readings)",1
2753685,"printbuffer(28, 28, KSBuffer_Measure_CHb.readings)",1
2759636,"printbuffer(28, 28, KSBuffer_Measure_CHb.timestamps)",1
2787629,"printbuffer(29, 29, KSBuffer_Source_CHa.readings)",1
2793579,"printbuffer(29, 29, KSBuffer_Measure_CHa.readings)",1
2800643,"printbuffer(29, 29, KSBuffer_Measure_CHa.timestamps)",1
2812106,"printbuffer(29, 29, KSBuffer_Source_CHb.readings)",1
2818056,"printbuffer(29, 29, KSBuffer_Measure_CHb.readings)",1
2824007,"printbuffer(29, 29, KSBuffer_Measure_CHb.timestamps)",1
2856397,"printbuffer(30, 30, KSBuffer_Source_CHb.readings)",1
2863460,"printbuffer(30, 30, KSBuffer_Measure_CHb.readings)",1
2869411,"printbuffer(30, 30, KSBuffer_Measure_CHb.timestamps)",1
2880874,"printbuffer(30, 30, KSBuffer_Source_CHa.readings)",1
2886824,"printbuffer(30, 30, KSBuffer_Measure_CHa.readings)",1
2892775,"printbuffer(30, 30, KSBuffer_Measure_CHa.timestamps)",1
2925165,"printbuffer(31, 31, KSBuffer_Source_CHa.readings)",1
2932228,"printbuffer(31, 31, KSBuffer_Measure_CHa.readings)",1
2938179,"printbuffer(31, 31, KSBuffer_Measure_CHa.timestamps)",1
2954039,"printbuffer(31, 31, KSBuffer_Source_CHb.readings)",1
2959989,"printbuffer(31, 31, KSBuffer_Measure_CHb.readings)",1
2965940,"printbuffer(31, 31, KSBuffer_Measure_CHb.timestamps)",1
3000556,"printbuffer(32, 32, KSBuffer_Source_CHb.readings)",1
3006506,"printbuffer(32, 32, KSBuffer_Measure_CHb.readings)",1
3012457,"printbuffer(32, 32, KSBuffer_Measure_CHb.timestamps)",1
3023920,"printbuffer(32, 32, KSBuffer_Source_CHa.readings)",1
3029870,"printbuffer(32, 32, KSBuffer_Measure_CHa.readings)",1
3035821,"printbuffer(32, 32, KSBuffer_Measure_CHa.timestamps)",1
3069324,"printbuffer(33, 33, KSBuffer_Source_CHa.readings)",1
3075274,"printbuffer(33, 33, KSBuffer_Measure_CHa.readings)",1
3081225,"printbuffer(33, 33, KSBuffer_Measure_CHa.timestamps)",1
3092688,"printbuffer(33, 33, KSBuffer_Source_CHb.readings)",1
3098638,"printbuffer(33, 33, KSBuffer_Measure_CHb.readings)",1
3104589,"printbuffer(33, 33, KSBuffer_Measure_CHb.timestamps)",1
3131469,"printbuffer(34, 34, KSBuffer_Source_CHa.readings)",1
3137419,"printbuffer(34, 34, KSBuffer_Measure_CHa.readings)",1
3143370,"printbuffer(34, 34, KSBuffer_Measure_CHa.timestamps)",1
3160343,"printbuffer(34, 34, KSBuffer_Source_CHb.readings)",1
3166293,"printbuffer(34, 34, KSBuffer_Measure_CHb.readings)",1
3172244,"printbuffer(34, 34, KSBuffer_Measure_CHb.timestamps)",1
3205747,"printbuffer(35, 35, KSBuffer_Source_CHb.readings)",1
3211697,"printbuffer(35, 35, KSBuffer_Measure_CHb.readings)",1
3217648,"printbuffer(35, 35, KSBuffer_Measure_CHb.timestamps)",1
3234621,"printbuffer(35, 35, KSBuffer_Source_CHa.readings)",1
3240571,"printbuffer(35, 35, KSBuffer_Measure_CHa.readings)",1
3246522,"printbuffer(35, 35, KSBuffer_Measure_CHa.timestamps)",1
3280025,"printbuffer(36, 36, KSBuffer_Source_CHa.readings)",1
3285975,"printbuffer(36, 36, KSBuffer_Measure_CHa.readings)",1
3291926,"printbuffer(36, 36, KSBuffer_Measure_CHa.timestamps)",1
3308899,"printbuffer(36, 36, KSBuffer_Source_CHb.readings)",1
3314849,"printbuffer(36, 36, KSBuffer_Measure_CHb.readings)",1
3320800,"printbuffer(36, 36, KSBuffer_Measure_CHb.timestamps)",1
3348793,"printbuffer(37, 37, KSBuffer_Source_CHa.readings)",1
3354743,"printbuffer(37, 37, KSBuffer_Measure_CHa.readings)",1
3360694,"printbuffer(37, 37, KSBuffer_Measure_CHa.timestamps)",1
3377667,"printbuffer(37, 37, KSBuffer_Source_CHb.readings)",1
3383617,"printbuffer(37, 37, KSBuffer_Measure_CHb.readings)",1
3389568,"printbuffer(37, 37, KSBuffer_Measure_CHb.timestamps)",1
3417561,"printbuffer(38, 38, KSBuffer_Source_CHa.readings)",1
3423511,"printbuffer(38, 38, KSBuffer_Measure_CHa.readings)",1
3429462,"printbuffer(38, 38, KSBuffer_Measure_CHa.timestamps)",1
3446435,"printbuffer(38, 38, KSBuffer_Source_CHb.readings)",1
3452385,"printbuffer(38, 38, KSBuffer_Measure_CHb.readings)",1
3458336,"printbuffer(38, 38, KSBuffer_Measure_CHb.timestamps)",1
3486329,"printbuffer(39, 39, KSBuffer_Source_CHb.readings)",1
3492279,"printbuffer(39, 39, KSBuffer_Measure_CHb.readings)",1
3498230,"printbuffer(39, 39, KSBuffer_Measure_CHb.timestamps)",1
3515203,"printbuffer(39, 39, KSBuffer_Source_CHa.readings)",1
3521153,"printbuffer(39, 39, KSBuffer_Measure_CHa.readings)",1
3527104,"printbuffer(39, 39, KSBuffer_Measure_CHa.timestamps)",1
3560607,"printbuffer(40, 40, KSBuffer_Source_CHa.readings)",1
3566557,"printbuffer(40, 40, KSBuffer_Measure_CHa.readings)",1
3572508,"printbuffer(40, 40, KSBuffer_Measure_CHa.timestamps)",1
3589481,"printbuffer(40, 40, KSBuffer_Source_CHb.readings)",1
3595431,"printbuffer(40, 40, KSBuffer_Measure_CHb.readings)",1
3601382,"printbuffer(40, 40, KSBuffer_Measure_CHb.timestamps)",1
3635998,"printbuffer(41, 41, KSBuffer_Source_CHb.readings)",1
3641948,"printbuffer(41, 41, KSBuffer_Measure_CHb.readings)",1
3647899,"printbuffer(41, 41, KSBuffer_Measure_CHb.timestamps)",1
3659362,"printbuffer(41, 41, KSBuffer_Source_CHa.readings)",1
3665312,"printbuffer(41, 41, KSBuffer_Measure_CHa.readings)",1
3671263,"printbuffer(41, 41, KSBuffer_Measure_CHa.timestamps)",1
3698143,"printbuffer(42, 42, KSBuffer_Source_CHa.readings)",1
3704093,"printbuffer(42, 42, KSBuffer_Measure_CHa.readings)",1
3710044,"printbuffer(42, 42, KSBuffer_Measure_CHa.timestamps)",1
3727017,"printbuffer(42, 42, KSBuffer_Source_CHb.readings)",1
3734080,"printbuffer(42, 42, KSBuffer_Measure_CHb.readings)",1
3740031,"printbuffer(42, 42, KSBuffer_Measure_CHb.timestamps)",1
3772421,"printbuffer(43, 43, KSBuffer_Source_CHb.readings)",1
3778371,"printbuffer(43, 43, KSBuffer_Measure_CHb.readings)",1
3784322,"printbuffer(43, 43, KSBuffer_Measure_CHb.timestamps)",1
3801295,"printbuffer(43, 43, KSBuffer_Source_CHa.readings)",1
3807245,"printbuffer(43, 43, KSBuffer_Measure_CHa.readings)",1
3813196,"printbuffer(43, 43, KSBuffer_Measure_CHa.timestamps)",1
3841189,"printbuffer(44, 44, KSBuffer_Source_CHb.readings)",1
3847139,"printbuffer(44, 44, KSBuffer_Measure_CHb.readings)",1
3853090,"printbuffer(44, 44, KSBuffer_Measure_CHb.timestamps)",1
3870063,"printbuffer(44, 44, KSBuffer_Source_CHa.readings)",1
3876013,"printbuffer(44, 44, KSBuffer_Measure_CHa.readings)",1
3881964,"printbuffer(44, 44, KSBuffer_Measure_CHa.timestamps)",1
3909957,"printbuffer(45, 45, KSBuffer_Source_CHb.readings)",1
3915907,"printbuffer(45, 45, KSBuffer_Measure_CHb.readings)",1
3921858,"printbuffer(45, 45, KSBuffer_Measure_CHb.timestamps)",1
3938831,"printbuffer(45, 45, KSBuffer_Source_CHa.readings)",1
3944781,"printbuffer(45, 45, KSBuffer_Measure_CHa.readings)",1
3950732,"printbuffer(45, 45, KSBuffer_Measure_CHa.timestamps)",1
3985348,"printbuffer(46, 46, KSBuffer_Source_CHa.readings)",1
3991298,"printbuffer(46, 46, KSBuffer_Measure_CHa.readings)",1
3997249,"printbuffer(46, 46, KSBuffer_Measure_CHa.timestamps)",1
4008712,"printbuffer(46, 46, KSBuffer_Source_CHb.readings)",1
4014662,"printbuffer(46, 46, KSBuffer_Measure_CHb.readings)",1
4020613,"printbuffer(46, 46, KSBuffer_Measure_CHb.timestamps)",1
4053003,"printbuffer(47, 47, KSBuffer_Source_CHa.readings)",1
4058953,"printbuffer(47, 47, KSBuffer_Measure_CHa.readings)",1
4064904,"printbuffer(47, 47, KSBuffer_Measure_CHa.timestamps)",1
4081877,"printbuffer(47, 47, KSBuffer_Source_CHb.readings)",1
4087827,"printbuffer(47, 47, KSBuffer_Measure_CHb.readings)",1
4093778,"printbuffer(47, 47, KSBuffer_Measure_CHb.timestamps)",1
4121771,"printbuffer(48, 48, KSBuffer_Source_CHa.readings)",1
4127721,"printbuffer(48, 48, KSBuffer_Measure_CHa.readings)",1
4134785,"printbuffer(48, 48, KSBuffer_Measure_CHa.timestamps)",1
4150645,"printbuffer(48, 48, KSBuffer_Source_CHb.readings)",1
4156595,"printbuffer(48, 48, KSBuffer_Measure_CHb.readings)",1
4162546,"printbuffer(48, 48, KSBuffer_Measure_CHb.timestamps)",1
4196049,"printbuffer(49, 49, KSBuffer_Source_CHb.readings)",1
4203112,"printbuffer(49, 49, KSBuffer_Measure_CHb.readings)",1
4209063,"printbuffer(49, 49, KSBuffer_Measure_CHb.timestamps)",1
4220526,"printbuffer(49, 49, KSBuffer_Source_CHa.readings)",1
4226476,"printbuffer(49, 49, KSBuffer_Measure_CHa.readings)",1
4232427,"printbuffer(49, 49, KSBuffer_Measure_CHa.timestamps)",1
4264817,"printbuffer(50, 50, KSBuffer_Source_CHa.readings)",1
4270767,"printbuffer(50, 50, KSBuffer_Measure_CHa.readings)",1
4277831,"printbuffer(50, 50, KSBuffer_Measure_CHa.timestamps)",1
4289294,"printbuffer(50, 50, KSBuffer_Source_CHb.readings)",1
4295244,"printbuffer(50, 50, KSBuffer_Measure_CHb.readings)",1
4301195,"printbuffer(50, 50, KSBuffer_Measure_CHb.timestamps)",1
4328075,"printbuffer(51, 51, KSBuffer_Source_CHb.readings)",1
4334025,"printbuffer(51, 51, KSBuffer_Measure_CHb.readings)",1
4339976,"printbuffer(51, 51, KSBuffer_Measure_CHb.timestamps)",1
4356949,"printbuffer(51, 51, KSBuffer_Source_CHa.readings)",1
4362899,"printbuffer(51, 51, KSBuffer_Measure_CHa.readings)",1
4368850,"printbuffer(51, 51, KSBuffer_Measure_CHa.timestamps)",1
4402353,"printbuffer(52, 52, KSBuffer_Source_CHa.readings)",1
4409416,"printbuffer(52, 52, KSBuffer_Measure_CHa.readings)",1
4415367,"printbuffer(52, 52, KSBuffer_Measure_CHa.timestamps)",1
4431227,"printbuffer(52, 52, KSBuffer_Source_CHb.readings)",1
4437177,"printbuffer(52, 52, KSBuffer_Measure_CHb.readings)",1
4443128,"printbuffer(52, 52, KSBuffer_Measure_CHb.timestamps)",1
4476631,"printbuffer(53, 53, KSBuffer_Source_CHb.readings)",1
4483694,"printbuffer(53, 53, KSBuffer_Measure_CHb.readings)",1
4489645,"printbuffer(53, 53, KSBuffer_Measure_CHb.timestamps)",1
4505505,"printbuffer(53, 53, KSBuffer_Source_CHa.readings)",1
4511455,"printbuffer(53, 53, KSBuffer_Measure_CHa.readings)",1
4517406,"printbuffer(53, 53, KSBuffer_Measure_CHa.timestamps)",1
4539889,"printbuffer(54, 54, KSBuffer_Source_CHa.readings)",1
4545839,"printbuffer(54, 54, KSBuffer_Measure_CHa.readings)",1
4551790,"printbuffer(54, 54, KSBuffer_Measure_CHa.timestamps)",1
4568763,"printbuffer(54, 54, KSBuffer_Source_CHb.readings)",1
4574713,"printbuffer(54, 54, KSBuffer_Measure_CHb.readings)",1
4580664,"printbuffer(54, 54, KSBuffer_Measure_CHb.timestamps)",1
4614167,"printbuffer(55, 55, KSBuffer_Source_CHb.readings)",1
4621230,"printbuffer(55, 55, KSBuffer_Measure_CHb.readings)",1
4627181,"printbuffer(55, 55, KSBuffer_Measure_CHb.timestamps)",1
4637531,"printbuffer(55, 55, KSBuffer_Source_CHa.readings)",1
4643481,"printbuffer(55, 55, KSBuffer_Measure_CHa.readings)",1
4649432,"printbuffer(55, 55, KSBuffer_Measure_CHa.timestamps)",1
4677425,"printbuffer(56, 56, KSBuffer_Source_CHb.readings)",1
4683375,"printbuffer(56, 56, KSBuffer_Measure_CHb.readings)",1
4689326,"printbuffer(56, 56, KSBuffer_Measure_CHb.timestamps)",1
4706299,"printbuffer(56, 56, KSBuffer_Source_CHa.readings)",1
4712249,"printbuffer(56, 56, KSBuffer_Measure_CHa.readings)",1
4719313,"printbuffer(56, 56, KSBuffer_Measure_CHa.timestamps)",1
4746193,"printbuffer(57, 57, KSBuffer_Source_CHa.readings)",1
4752143,"printbuffer(57, 57, KSBuffer_Measure_CHa.readings)",1
4758094,"printbuffer(57, 57, KSBuffer_Measure_CHa.timestamps)",1
4775067,"printbuffer(57, 57, KSBuffer_Source_CHb.readings)",1
4781017,"printbuffer(57, 57, KSBuffer_Measure_CHb.readings)",1
4788081,"printbuffer(57, 57, KSBuffer_Measure_CHb.timestamps)",1
4814961,"printbuffer(58, 58, KSBuffer_Source_CHa.readings)",1
4820911,"printbuffer(58, 58, KSBuffer_Measure_CHa.readings)",1
4826862,"printbuffer(58, 58, KSBuffer_Measure_CHa.timestamps)",1
4843835,"printbuffer(58, 58, KSBuffer_Source_CHb.readings)",1
4849785,"printbuffer(58, 58, KSBuffer_Measure_CHb.readings)",1
4855736,"printbuffer(58, 58, KSBuffer_Measure_CHb.timestamps)",1
4890352,"printbuffer(59, 59, KSBuffer_Source_CHb.readings)",1
4896302,"printbuffer(59, 59, KSBuffer_Measure_CHb.readings)",1
4902253,"printbuffer(59, 59, KSBuffer_Measure_CHb.timestamps)",1
4913716,"printbuffer(59, 59, KSBuffer_Source_CHa.readings)",1
4919666,"printbuffer(59, 59, KSBuffer_Measure_CHa.readings)",1
4925617,"printbuffer(59, 59, KSBuffer_Measure_CHa.timestamps)",1
4958007,"printbuffer(60, 60, KSBuffer_Source_CHa.readings)",1
4963957,"printbuffer(60, 60, KSBuffer_Measure_CHa.readings)",1
4969908,"printbuffer(60, 60, KSBuffer_Measure_CHa.timestamps)",1
4986881,"printbuffer(60, 60, KSBuffer_Source_CHb.readings)",1
4992831,"printbuffer(60, 60, KSBuffer_Measure_CHb.readings)",1
4999895,"printbuffer(60, 60, KSBuffer_Measure_CHb.timestamps)",1
5026775,"printbuffer(61, 61, KSBuffer_Source_CHa.readings)",1
5032725,"printbuffer(61, 61, KSBuffer_Measure_CHa.readings)",1
5038676,"printbuffer(61, 61, KSBuffer_Measure_CHa.timestamps)",1
5055649,"printbuffer(61, 61, KSBuffer_Source_CHb.readings)",1
5061599,"printbuffer(61, 61, KSBuffer_Measure_CHb.readings)",1
5067550,"printbuffer(61, 61, KSBuffer_Measure_CHb.timestamps)",1
5101772,"printbuffer(62, 62, KSBuffer_Source_CHb.readings)",1
5110252,"printbuffer(62, 62, KSBuffer_Measure_CHb.readings)",1
5117409,"printbuffer(62, 62, KSBuffer_Measure_CHb.timestamps)",1
5134322,"printbuffer(62, 62, KSBuffer_Source_CHa.readings)",1
5142592,"printbuffer(62, 62, KSBuffer_Measure_CHa.readings)",1
5149092,"printbuffer(62, 62, KSBuffer_Measure_CHa.timestamps)",1
5171344,"printbuffer(63, 63, KSBuffer_Source_CHb.readings)",1
5177294,"printbuffer(63, 63, KSBuffer_Measure_CHb.readings)",1
5183245,"printbuffer(63, 63, KSBuffer_Measure_CHb.timestamps)",1
5200218,"printbuffer(63, 63, KSBuffer_Source_CHa.readings)",1
5206168,"printbuffer(63, 63, KSBuffer_Measure_CHa.readings)",1
5212119,"printbuffer(63, 63, KSBuffer_Measure_CHa.timestamps)",1
5245622,"printbuffer(64, 64, KSBuffer_Source_CHa.readings)",1
5251572,"printbuffer(64, 64, KSBuffer_Measure_CHa.readings)",1
5257523,"printbuffer(64, 64, KSBuffer_Measure_CHa.timestamps)",1
5274496,"printbuffer(64, 64, KSBuffer_Source_CHb.readings)",1
5280446,"printbuffer(64, 64, KSBuffer_Measure_CHb.readings)",1
5286397,"printbuffer(64, 64, KSBuffer_Measure_CHb.timestamps)",1
5319900,"printbuffer(65, 65, KSBuffer_Source_CHb.readings)",1
5325850,"printbuffer(65, 65, KSBuffer_Measure_CHb.readings)",1
5331801,"printbuffer(65, 65, KSBuffer_Measure_CHb.timestamps)",1
5348774,"printbuffer(65, 65, KSBuffer_Source_CHa.readings)",1
5354724,"printbuffer(65, 65, KSBuffer_Measure_CHa.readings)",1
5360675,"printbuffer(65, 65, KSBuffer_Measure_CHa.timestamps)",1
5395291,"printbuffer(66, 66, KSBuffer_Source_CHa.readings)",1
5401241,"printbuffer(66, 66, KSBuffer_Measure_CHa.readings)",1
5407192,"printbuffer(66, 66, KSBuffer_Measure_CHa.timestamps)",1
5423052,"printbuffer(66, 66, KSBuffer_Source_CHb.readings)",1
5429002,"printbuffer(66, 66, KSBuffer_Measure_CHb.readings)",1
5434953,"printbuffer(66, 66, KSBuffer_Measure_CHb.timestamps)",1
5457436,"printbuffer(67, 67, KSBuffer_Source_CHb.readings)",1
5463386,"printbuffer(67, 67, KSBuffer_Measure_CHb.readings)",1
5469337,"printbuffer(67, 67, KSBuffer_Measure_CHb.timestamps)",1
5486310,"printbuffer(67, 67, KSBuffer_Source_CHa.readings)",1
5492260,"printbuffer(67, 67, KSBuffer_Measure_CHa.readings)",1
5499324,"printbuffer(67, 67, KSBuffer_Measure_CHa.timestamps)",1
5531714,"printbuffer(68, 68, KSBuffer_Source_CHb.readings)",1
5537664,"printbuffer(68, 68, KSBuffer_Measure_CHb.readings)",1
5543615,"printbuffer(68, 68, KSBuffer_Measure_CHb.timestamps)",1
5560588,"printbuffer(68, 68, KSBuffer_Source_CHa.readings)",1
5566538,"printbuffer(68, 68, KSBuffer_Measure_CHa.readings)",1
5572489,"printbuffer(68, 68, KSBuffer_Measure_CHa.timestamps)",1
5605992,"printbuffer(69, 69, KSBuffer_Source_CHa.readings)",1
5611942,"printbuffer(69, 69, KSBuffer_Measure_CHa.readings)",1
5617893,"printbuffer(69, 69, KSBuffer_Measure_CHa.timestamps)",1
5634866,"printbuffer(69, 69, KSBuffer_Source_CHb.readings)",1
5640816,"printbuffer(69, 69, KSBuffer_Measure_CHb.readings)",1
5646767,"printbuffer(69, 69, KSBuffer_Measure_CHb.timestamps)",1
5669250,"printbuffer(70, 70, KSBuffer_Source_CHb.readings)",1
5675200,"printbuffer(70, 70, KSBuffer_Measure_CHb.readings)",1
5681151,"printbuffer(70, 70, KSBuffer_Measure_CHb.timestamps)",1
5698124,"printbuffer(70, 70, KSBuffer_Source_CHa.readings)",1
5704074,"printbuffer(70, 70, KSBuffer_Measure_CHa.readings)",1
5711138,"printbuffer(70, 70, KSBuffer_Measure_CHa.timestamps)",1
5743528,"printbuffer(71, 71, KSBuffer_Source_CHb.readings)",1
5750550,"printbuffer(71, 71, KSBuffer_Measure_CHb.readings)",1
5756501,"printbuffer(71, 71, KSBuffer_Measure_CHb.timestamps)",1
5773474,"printbuffer(71, 71, KSBuffer_Source_CHa.readings)",1
5779424,"printbuffer(71, 71, KSBuffer_Measure_CHa.readings)",1
5785375,"printbuffer(71, 71, KSBuffer_Measure_CHa.timestamps)",1
5815100,"printbuffer(72, 72, KSBuffer_Source_CHb.readings)",1
5821050,"printbuffer(72, 72, KSBuffer_Measure_CHb.readings)",1
5827001,"printbuffer(72, 72, KSBuffer_Measure_CHb.timestamps)",1
5843974,"printbuffer(72, 72, KSBuffer_Source_CHa.readings)",1
5849924,"printbuffer(72, 72, KSBuffer_Measure_CHa.readings)",1
5855875,"printbuffer(72, 72, KSBuffer_Measure_CHa.timestamps)",1
5883868,"printbuffer(73, 73, KSBuffer_Source_CHb.readings)",1
5889818,"printbuffer(73, 73, KSBuffer_Measure_CHb.readings)",1
5895769,"printbuffer(73, 73, KSBuffer_Measure_CHb.timestamps)",1
5912742,"printbuffer(73, 73, KSBuffer_Source_CHa.readings)",1
5918692,"printbuffer(73, 73, KSBuffer_Measure_CHa.readings)",1
5924643,"printbuffer(73, 73, KSBuffer_Measure_CHa.timestamps)",1
5958146,"printbuffer(74, 74, KSBuffer_Source_CHa.readings)",1
5964096,"printbuffer(74, 74, KSBuffer_Measure_CHa.readings)",1
5970047,"printbuffer(74, 74, KSBuffer_Measure_CHa.timestamps)",1
5987020,"printbuffer(74, 74, KSBuffer_Source_CHb.readings)",1
5992970,"printbuffer(74, 74, KSBuffer_Measure_CHb.readings)",1
5998921,"printbuffer(74, 74, KSBuffer_Measure_CHb.timestamps)",1
6021404,"printbuffer(75, 75, KSBuffer_Source_CHb.readings)",1
6027354,"printbuffer(75, 75, KSBuffer_Measure_CHb.readings)",1
6033305,"printbuffer(75, 75, KSBuffer_Measure_CHb.timestamps)",1
6050278,"printbuffer(75, 75, KSBuffer_Source_CHa.readings)",1
6056228,"printbuffer(75, 75, KSBuffer_Measure_CHa.readings)",1
6062179,"printbuffer(75, 75, KSBuffer_Measure_CHa.timestamps)",1
6095682,"printbuffer(76, 76, KSBuffer_Source_CHa.readings)",1
6101632,"printbuffer(76, 76, KSBuffer_Measure_CHa.readings)",1
6107583,"printbuffer(76, 76, KSBuffer_Measure_CHa.timestamps)",1
6124556,"printbuffer(76, 76, KSBuffer_Source_CHb.readings)",1
6130506,"printbuffer(76, 76, KSBuffer_Measure_CHb.readings)",1
6136457,"printbuffer(76, 76, KSBuffer_Measure_CHb.timestamps)",1
6164450,"printbuffer(77, 77, KSBuffer_Source_CHa.readings)",1
6171513,"printbuffer(77, 77, KSBuffer_Measure_CHa.readings)",1
6177464,"printbuffer(77, 77, KSBuffer_Measure_CHa.timestamps)",1
6188927,"printbuffer(77, 77, KSBuffer_Source_CHb.readings)",1
6194877,"printbuffer(77, 77, KSBuffer_Measure_CHb.readings)",1
6200828,"printbuffer(77, 77, KSBuffer_Measure_CHb.timestamps)",1
6233218,"printbuffer(78, 78, KSBuffer_Source_CHb.readings)",1
6240281,"printbuffer(78, 78, KSBuffer_Measure_CHb.readings)",1
6246232,"printbuffer(78, 78, KSBuffer_Measure_CHb.timestamps)",1
6262092,"printbuffer(78, 78, KSBuffer_Source_CHa.readings)",1
6268042,"printbuffer(78, 78, KSBuffer_Measure_CHa.readings)",1
6275106,"printbuffer(78, 78, KSBuffer_Measure_CHa.timestamps)",1
6301986,"printbuffer(79, 79, KSBuffer_Source_CHb.readings)",1
6307936,"printbuffer(79, 79, KSBuffer_Measure_CHb.readings)",1
6315000,"printbuffer(79, 79, KSBuffer_Measure_CHb.timestamps)",1
6325350,"printbuffer(79, 79, KSBuffer_Source_CHa.readings)",1
6331300,"printbuffer(79, 79, KSBuffer_Measure_CHa.readings)",1
6338364,"printbuffer(79, 79, KSBuffer_Measure_CHa.timestamps)",1
6370754,"printbuffer(80, 80, KSBuffer_Source_CHb.readings)",1
6376704,"printbuffer(80, 80, KSBuffer_Measure_CHb.readings)",1
6382655,"printbuffer(80, 80, KSBuffer_Measure_CHb.timestamps)",1
6399628,"printbuffer(80, 80, KSBuffer_Source_CHa.readings)",1
6405578,"printbuffer(80, 80, KSBuffer_Measure_CHa.readings)",1
6411529,"printbuffer(80, 80, KSBuffer_Measure_CHa.timestamps)",1
6445032,"printbuffer(81, 81, KSBuffer_Source_CHa.readings)",1
6450982,"printbuffer(81, 81, KSBuffer_Measure_CHa.readings)",1
6456933,"printbuffer(81, 81, KSBuffer_Measure_CHa.timestamps)",1
6473906,"printbuffer(81, 81, KSBuffer_Source_CHb.readings)",1
6479856,"printbuffer(81, 81, KSBuffer_Measure_CHb.readings)",1
6485807,"printbuffer(81, 81, KSBuffer_Measure_CHb.timestamps)",1
6508290,"printbuffer(82, 82, KSBuffer_Source_CHb.readings)",1
6514240,"printbuffer(82, 82, KSBuffer_Measure_CHb.readings)",1
6520191,"printbuffer(82, 82, KSBuffer_Measure_CHb.timestamps)",1
6537164,"printbuffer(82, 82, KSBuffer_Source_CHa.readings)",1
6544227,"printbuffer(82, 82, KSBuffer_Measure_CHa.readings)",1
6550178,"printbuffer(82, 82, KSBuffer_Measure_CHa.timestamps)",1
6582568,"printbuffer(83, 83, KSBuffer_Source_CHb.readings)",1
6588518,"printbuffer(83, 83, KSBuffer_Measure_CHb.readings)",1
6594469,"printbuffer(83, 83, KSBuffer_Measure_CHb.timestamps)",1
6611442,"printbuffer(83, 83, KSBuffer_Source_CHa.readings)",1
6617392,"printbuffer(83, 83, KSBuffer_Measure_CHa.readings)",1
6623343,"printbuffer(83, 83, KSBuffer_Measure_CHa.timestamps)",1
6645826,"printbuffer(84, 84, KSBuffer_Source_CHa.readings)",1
6652889,"printbuffer(84, 84, KSBuffer_Measure_CHa.readings)",1
6658840,"printbuffer(84, 84, KSBuffer_Measure_CHa.timestamps)",1
6674700,"printbuffer(84, 84, KSBuffer_Source_CHb.readings)",1
6680650,"printbuffer(84, 84, KSBuffer_Measure_CHb.readings)",1
6686601,"printbuffer(84, 84, KSBuffer_Measure_CHb.timestamps)",1
6710197,"printbuffer(85, 85, KSBuffer_Source_CHb.readings)",1
6716147,"printbuffer(85, 85, KSBuffer_Measure_CHb.readings)",1
6722098,"printbuffer(85, 85, KSBuffer_Measure_CHb.timestamps)",1
6737958,"printbuffer(85, 85, KSBuffer_Source_CHa.readings)",1
6743908,"printbuffer(85, 85, KSBuffer_Measure_CHa.readings)",1
6750972,"printbuffer(85, 85, KSBuffer_Measure_CHa.timestamps)",1
6772342,"printbuffer(86, 86, KSBuffer_Source_CHb.readings)",1
6778292,"printbuffer(86, 86, KSBuffer_Measure_CHb.readings)",1
6784243,"printbuffer(86, 86, KSBuffer_Measure_CHb.timestamps)",1
6801216,"printbuffer(86, 86, KSBuffer_Source_CHa.readings)",1
6807166,"printbuffer(86, 86, KSBuffer_Measure_CHa.readings)",1
6813117,"printbuffer(86, 86, KSBuffer_Measure_CHa.timestamps)",1
6846620,"printbuffer(87, 87, KSBuffer_Source_CHa.readings)",1
6852570,"printbuffer(87, 87, KSBuffer_Measure_CHa.readings)",1
6858521,"printbuffer(87, 87, KSBuffer_Measure_CHa.timestamps)",1
6869984,"printbuffer(87, 87, KSBuffer_Source_CHb.readings)",1
6875934,"printbuffer(87, 87, KSBuffer_Measure_CHb.readings)",1
6882998,"printbuffer(87, 87, KSBuffer_Measure_CHb.timestamps)",1
6909878,"printbuffer(88, 88, KSBuffer_Source_CHb.readings)",1
6915828,"printbuffer(88, 88, KSBuffer_Measure_CHb.readings)",1
6921779,"printbuffer(88, 88, KSBuffer_Measure_CHb.timestamps)",1
6938752,"printbuffer(88, 88, KSBuffer_Source_CHa.readings)",1
6945815,"printbuffer(88, 88, KSBuffer_Measure_CHa.readings)",1
6951766,"printbuffer(88, 88, KSBuffer_Measure_CHa.timestamps)",1
6984156,"printbuffer(89, 89, KSBuffer_Source_CHb.readings)",1
6990106,"printbuffer(89, 89, KSBuffer_Measure_CHb.readings)",1
6996057,"printbuffer(89, 89, KSBuffer_Measure_CHb.timestamps)",1
7013030,"printbuffer(89, 89, KSBuffer_Source_CHa.readings)",1
7018980,"printbuffer(89, 89, KSBuffer_Measure_CHa.readings)",1
7024931,"printbuffer(89, 89, KSBuffer_Measure_CHa.timestamps)",1
7047414,"printbuffer(90, 90, KSBuffer_Source_CHa.readings)",1
7053364,"printbuffer(90, 90, KSBuffer_Measure_CHa.readings)",1
7059315,"printbuffer(90, 90, KSBuffer_Measure_CHa.timestamps)",1
7076288,"printbuffer(90, 90, KSBuffer_Source_CHb.readings)",1
7082238,"printbuffer(90, 90, KSBuffer_Measure_CHb.readings)",1
7088189,"printbuffer(90, 90, KSBuffer_Measure_CHb.timestamps)",1
7110672,"printbuffer(91, 91, KSBuffer_Source_CHb.readings)",1
7116622,"printbuffer(91, 91, KSBuffer_Measure_CHb.readings)",1
7122573,"printbuffer(91, 91, KSBuffer_Measure_CHb.timestamps)",1
7139546,"printbuffer(91, 91, KSBuffer_Source_CHa.readings)",1
7145496,"printbuffer(91, 91, KSBuffer_Measure_CHa.readings)",1
7151447,"printbuffer(91, 91, KSBuffer_Measure_CHa.timestamps)",1
7179440,"printbuffer(92, 92, KSBuffer_Source_CHa.readings)",1
7185390,"printbuffer(92, 92, KSBuffer_Measure_CHa.readings)",1
7191341,"printbuffer(92, 92, KSBuffer_Measure_CHa.timestamps)",1
7208314,"printbuffer(92, 92, KSBuffer_Source_CHb.readings)",1
7214264,"printbuffer(92, 92, KSBuffer_Measure_CHb.readings)",1
7220215,"printbuffer(92, 92, KSBuffer_Measure_CHb.timestamps)",1
7248208,"printbuffer(93, 93, KSBuffer_Source_CHa.readings)",1
7255271,"printbuffer(93, 93, KSBuffer_Measure_CHa.readings)",1
7261222,"printbuffer(93, 93, KSBuffer_Measure_CHa.timestamps)",1
7277082,"printbuffer(93, 93, KSBuffer_Source_CHb.readings)",1
7283032,"printbuffer(93, 93, KSBuffer_Measure_CHb.readings)",1
7288983,"printbuffer(93, 93, KSBuffer_Measure_CHb.timestamps)",1
7316976,"printbuffer(94, 94, KSBuffer_Source_CHa.readings)",1
7322926,"printbuffer(94, 94, KSBuffer_Measure_CHa.readings)",1
7328877,"printbuffer(94, 94, KSBuffer_Measure_CHa.timestamps)",1
7345850,"printbuffer(94, 94, KSBuffer_Source_CHb.readings)",1
7351800,"printbuffer(94, 94, KSBuffer_Measure_CHb.readings)",1
7357751,"printbuffer(94, 94, KSBuffer_Measure_CHb.timestamps)",1
7385744,"printbuffer(95, 95, KSBuffer_Source_CHa.readings)",1
7391694,"printbuffer(95, 95, KSBuffer_Measure_CHa.readings)",1
7397645,"printbuffer(95, 95, KSBuffer_Measure_CHa.timestamps)",1
7414618,"printbuffer(95, 95, KSBuffer_Source_CHb.readings)",1
7420568,"printbuffer(95, 95, KSBuffer_Measure_CHb.readings)",1
7426519,"printbuffer(95, 95, KSBuffer_Measure_CHb.timestamps)",1
7460022,"printbuffer(96, 96, KSBuffer_Source_CHb.readings)",1
7465972,"printbuffer(96, 96, KSBuffer_Measure_CHb.readings)",1
7471923,"printbuffer(96, 96, KSBuffer_Measure_CHb.timestamps)",1
7488896,"printbuffer(96, 96, KSBuffer_Source_CHa.readings)",1
7494846,"printbuffer(96, 96, KSBuffer_Measure_CHa.readings)",1
7500797,"printbuffer(96, 96, KSBuffer_Measure_CHa.timestamps)",1
7523280,"printbuffer(97, 97, KSBuffer_Source_CHa.readings)",1
7529230,"printbuffer(97, 97, KSBuffer_Measure_CHa.readings)",1
7535181,"printbuffer(97, 97, KSBuffer_Measure_CHa.timestamps)",1
7552154,"printbuffer(97, 97, KSBuffer_Source_CHb.readings)",1
7558104,"printbuffer(97, 97, KSBuffer_Measure_CHb.readings)",1
7564055,"printbuffer(97, 97, KSBuffer_Measure_CHb.timestamps)",1
7586538,"printbuffer(98, 98, KSBuffer_Source_CHb.readings)",1
7593601,"printbuffer(98, 98, KSBuffer_Measure_CHb.readings)",1
7599552,"printbuffer(98, 98, KSBuffer_Measure_CHb.timestamps)",1
7615412,"printbuffer(98, 98, KSBuffer_Source_CHa.readings)",1
7621362,"printbuffer(98, 98, KSBuffer_Measure_CHa.readings)",1
7627313,"printbuffer(98, 98, KSBuffer_Measure_CHa.timestamps)",1
7655306,"printbuffer(99, 99, KSBuffer_Source_CHb.readings)",1
7661256,"printbuffer(99, 99, KSBuffer_Measure_CHb.readings)",1
7667207,"printbuffer(99, 99, KSBuffer_Measure_CHb.timestamps)",1
7684180,"printbuffer(99, 99, KSBuffer_Source_CHa.readings)",1
7691243,"printbuffer(99, 99, KSBuffer_Measure_CHa.readings)",1
7697194,"printbuffer(99, 99, KSBuffer_Measure_CHa.timestamps)",1
7729584,"printbuffer(100, 100, KSBuffer_Source_CHa.readings)",1
7735536,"printbuffer(100, 100, KSBuffer_Measure_CHa.readings)",1
7741489,"printbuffer(100, 100, KSBuffer_Measure_CHa.timestamps)",1
7758464,"printbuffer(100, 100, KSBuffer_Source_CHb.readings)",1
7765529,"printbuffer(100, 100, KSBuffer_Measure_CHb.readings)",1
7771482,"printbuffer(100, 100, KSBuffer_Measure_CHb.timestamps)",1
7792854,"printbuffer(101, 101, KSBuffer_Source_CHa.readings)",1
7798806,"printbuffer(101, 101, KSBuffer_Measure_CHa.readings)",1
7804759,"printbuffer(101, 101, KSBuffer_Measure_CHa.timestamps)",1
7821734,"printbuffer(101, 101, KSBuffer_Source_CHb.readings)",1
7827686,"printbuffer(101, 101, KSBuffer_Measure_CHb.readings)",1
7833639,"printbuffer(101, 101, KSBuffer_Measure_CHb.timestamps)",1
7856124,"printbuffer(102, 102, KSBuffer_Source_CHb.readings)",1
7862076,"printbuffer(102, 102, KSBuffer_Measure_CHb.readings)",1
7868029,"printbuffer(102, 102, KSBuffer_Measure_CHb.timestamps)",1
7879494,"printbuffer(102, 102, KSBuffer_Source_CHa.readings)",1
7885446,"printbuffer(102, 102, KSBuffer_Measure_CHa.readings)",1
7891399,"printbuffer(102, 102, KSBuffer_Measure_CHa.timestamps)",1
7919394,"printbuffer(103, 103, KSBuffer_Source_CHb.readings)",1
7925346,"printbuffer(103, 103, KSBuffer_Measure_CHb.readings)",1
7931299,"printbuffer(103, 103, KSBuffer_Measure_CHb.timestamps)",1
7948274,"printbuffer(103, 103, KSBuffer_Source_CHa.readings)",1
7954226,"printbuffer(103, 103, KSBuffer_Measure_CHa.readings)",1
7961292,"printbuffer(103, 103, KSBuffer_Measure_CHa.timestamps)",1
7988174,"printbuffer(104, 104, KSBuffer_Source_CHa.readings)",1
7994126,"printbuffer(104, 104, KSBuffer_Measure_CHa.readings)",1
8000079,"printbuffer(104, 104, KSBuffer_Measure_CHa.timestamps)",1
8017054,"printbuffer(104, 104, KSBuffer_Source_CHb.readings)",1
8023006,"printbuffer(104, 104, KSBuffer_Measure_CHb.readings)",1
8028959,"printbuffer(104, 104, KSBuffer_Measure_CHb.timestamps)",1
8062464,"printbuffer(105, 105, KSBuffer_Source_CHb.readings)",1
8068416,"printbuffer(105, 105, KSBuffer_Measure_CHb.readings)",1
8074369,"printbuffer(105, 105, KSBuffer_Measure_CHb.timestamps)",1
8091344,"printbuffer(105, 105, KSBuffer_Source_CHa.readings)",1
8097296,"printbuffer(105, 105, KSBuffer_Measure_CHa.readings)",1
8103249,"printbuffer(105, 105, KSBuffer_Measure_CHa.timestamps)",1
8125734,"printbuffer(106, 106, KSBuffer_Source_CHa.readings)",1
8131686,"printbuffer(106, 106, KSBuffer_Measure_CHa.readings)",1
8138752,"printbuffer(106, 106, KSBuffer_Measure_CHa.timestamps)",1
8150217,"printbuffer(106, 106, KSBuffer_Source_CHb.readings)",1
8156169,"printbuffer(106, 106, KSBuffer_Measure_CHb.readings)",1
8162122,"printbuffer(106, 106, KSBuffer_Measure_CHb.timestamps)",1
8189004,"printbuffer(107, 107, KSBuffer_Source_CHb.readings)",1
8194956,"printbuffer(107, 107, KSBuffer_Measure_CHb.readings)",1
8200909,"printbuffer(107, 107, KSBuffer_Measure_CHb.timestamps)",1
8217884,"printbuffer(107, 107, KSBuffer_Source_CHa.readings)",1
8223836,"printbuffer(107, 107, KSBuffer_Measure_CHa.readings)",1
8229789,"printbuffer(107, 107, KSBuffer_Measure_CHa.timestamps)",1
8263294,"printbuffer(108, 108, KSBuffer_Source_CHa.readings)",1
8269246,"printbuffer(108, 108, KSBuffer_Measure_CHa.readings)",1
8275199,"printbuffer(108, 108, KSBuffer_Measure_CHa.timestamps)",1
8292174,"printbuffer(108, 108, KSBuffer_Source_CHb.readings)",1
8298126,"printbuffer(108, 108, KSBuffer_Measure_CHb.readings)",1
8304079,"printbuffer(108, 108, KSBuffer_Measure_CHb.timestamps)",1
8332074,"printbuffer(109, 109, KSBuffer_Source_CHa.readings)",1
8338026,"printbuffer(109, 109, KSBuffer_Measure_CHa.readings)",1
8343979,"printbuffer(109, 109, KSBuffer_Measure_CHa.timestamps)",1
8360954,"printbuffer(109, 109, KSBuffer_Source_CHb.readings)",1
8366906,"printbuffer(109, 109, KSBuffer_Measure_CHb.readings)",1
8372859,"printbuffer(109, 109, KSBuffer_Measure_CHb.timestamps)",1
8400854,"printbuffer(110, 110, KSBuffer_Source_CHa.readings)",1
8406806,"printbuffer(110, 110, KSBuffer_Measure_CHa.readings)",1
8412759,"printbuffer(110, 110, KSBuffer_Measure_CHa.timestamps)",1
8429734,"printbuffer(110, 110, KSBuffer_Source_CHb.readings)",1
8435686,"printbuffer(110, 110, KSBuffer_Measure_CHb.readings)",1
8441639,"printbuffer(110, 110, KSBuffer_Measure_CHb.timestamps)",1
8475144,"printbuffer(111, 111, KSBuffer_Source_CHb.readings)",1
8482209,"printbuffer(111, 111, KSBuffer_Measure_CHb.readings)",1
8488162,"printbuffer(111, 111, KSBuffer_Measure_CHb.timestamps)",1
8504024,"printbuffer(111, 111, KSBuffer_Source_CHa.readings)",1
8509976,"printbuffer(111, 111, KSBuffer_Measure_CHa.readings)",1
8515929,"printbuffer(111, 111, KSBuffer_Measure_CHa.timestamps)",1
8538414,"printbuffer(112, 112, KSBuffer_Source_CHa.readings)",1
8544366,"printbuffer(112, 112, KSBuffer_Measure_CHa.readings)",1
8550319,"printbuffer(112, 112, KSBuffer_Measure_CHa.timestamps)",1
8567294,"printbuffer(112, 112, KSBuffer_Source_CHb.readings)",1
8573246,"printbuffer(112, 112, KSBuffer_Measure_CHb.readings)",1
8579199,"printbuffer(112, 112, KSBuffer_Measure_CHb.timestamps)",1
8607194,"printbuffer(113, 113, KSBuffer_Source_CHa.readings)",1
8613146,"printbuffer(113, 113, KSBuffer_Measure_CHa.readings)",1
8619099,"printbuffer(113, 113, KSBuffer_Measure_CHa.timestamps)",1
8636074,"printbuffer(113, 113, KSBuffer_Source_CHb.readings)",1
8642026,"printbuffer(113, 113, KSBuffer_Measure_CHb.readings)",1
8647979,"printbuffer(113, 113, KSBuffer_Measure_CHb.timestamps)",1
8681484,"printbuffer(114, 114, KSBuffer_Source_CHb.readings)",1
8687436,"printbuffer(114, 114, KSBuffer_Measure_CHb.readings)",1
8694502,"printbuffer(114, 114, KSBuffer_Measure_CHb.timestamps)",1
8704854,"printbuffer(114, 114, KSBuffer_Source_CHa.readings)",1
8710806,"printbuffer(114, 114, KSBuffer_Measure_CHa.readings)",1
8717872,"printbuffer(114, 114, KSBuffer_Measure_CHa.timestamps)",1
8744754,"printbuffer(115, 115, KSBuffer_Source_CHa.readings)",1
8750706,"printbuffer(115, 115, KSBuffer_Measure_CHa.readings)",1
8756659,"printbuffer(115, 115, KSBuffer_Measure_CHa.timestamps)",1
8773634,"printbuffer(115, 115, KSBuffer_Source_CHb.readings)",1
8779586,"printbuffer(115, 115, KSBuffer_Measure_CHb.readings)",1
8785539,"printbuffer(115, 115, KSBuffer_Measure_CHb.timestamps)",1
8808024,"printbuffer(116, 116, KSBuffer_Source_CHb.readings)",1
8813976,"printbuffer(116, 116, KSBuffer_Measure_CHb.readings)",1
8819929,"printbuffer(116, 116, KSBuffer_Measure_CHb.timestamps)",1
8836904,"printbuffer(116, 116, KSBuffer_Source_CHa.readings)",1
8842856,"printbuffer(116, 116, KSBuffer_Measure_CHa.readings)",1
8848809,"printbuffer(116, 116, KSBuffer_Measure_CHa.timestamps)",1
8876804,"printbuffer(117, 117, KSBuffer_Source_CHb.readings)",1
8882756,"printbuffer(117, 117, KSBuffer_Measure_CHb.readings)",1
8889822,"printbuffer(117, 117, KSBuffer_Measure_CHb.timestamps)",1
8905684,"printbuffer(117, 117, KSBuffer_Source_CHa.readings)",1
8911636,"printbuffer(117, 117, KSBuffer_Measure_CHa.readings)",1
8917589,"printbuffer(117, 117, KSBuffer_Measure_CHa.timestamps)",1
8945584,"printbuffer(118, 118, KSBuffer_Source_CHb.readings)",1
8951536,"printbuffer(118, 118, KSBuffer_Measure_CHb.readings)",1
8957489,"printbuffer(118, 118, KSBuffer_Measure_CHb.timestamps)",1
8974464,"printbuffer(118, 118, KSBuffer_Source_CHa.readings)",1
8980416,"printbuffer(118, 118, KSBuffer_Measure_CHa.readings)",1
8986369,"printbuffer(118, 118, KSBuffer_Measure_CHa.timestamps)",1
9014364,"printbuffer(119, 119, KSBuffer_Source_CHb.readings)",1
9020316,"printbuffer(119, 119, KSBuffer_Measure_CHb.readings)",1
9026269,"printbuffer(119, 119, KSBuffer_Measure_CHb.timestamps)",1
9043244,"printbuffer(119, 119, KSBuffer_Source_CHa.readings)",1
9050309,"printbuffer(119, 119, KSBuffer_Measure_CHa.readings)",1
9056262,"printbuffer(119, 119, KSBuffer_Measure_CHa.timestamps)",1
9083144,"printbuffer(120, 120, KSBuffer_Source_CHb.readings)",1
9089096,"printbuffer(120, 120, KSBuffer_Measure_CHb.readings)",1
9095049,"printbuffer(120, 120, KSBuffer_Measure_CHb.timestamps)",1
9112024,"printbuffer(120, 120, KSBuffer_Source_CHa.readings)",1
9117976,"printbuffer(120, 120, KSBuffer_Measure_CHa.readings)",1
9123929,"printbuffer(120, 120, KSBuffer_Measure_CHa.timestamps)",1
9157434,"printbuffer(121, 121, KSBuffer_Source_CHa.readings)",1
9163386,"printbuffer(121, 121, KSBuffer_Measure_CHa.readings)",1
9169339,"printbuffer(121, 121, KSBuffer_Measure_CHa.timestamps)",1
9186314,"printbuffer(121, 121, KSBuffer_Source_CHb.readings)",1
9192266,"printbuffer(121, 121, KSBuffer_Measure_CHb.readings)",1
9198219,"printbuffer(121, 121, KSBuffer_Measure_CHb.timestamps)",1
9220704,"printbuffer(122, 122, KSBuffer_Source_CHb.readings)",1
9226656,"printbuffer(122, 122, KSBuffer_Measure_CHb.readings)",1
9232609,"printbuffer(122, 122, KSBuffer_Measure_CHb.timestamps)",1
9249584,"printbuffer(122, 122, KSBuffer_Source_CHa.readings)",1
9255536,"printbuffer(122, 122, KSBuffer_Measure_CHa.readings)",1
9262602,"printbuffer(122, 122, KSBuffer_Measure_CHa.timestamps)",1
9289484,"printbuffer(123, 123, KSBuffer_Source_CHa.readings)",1
9295436,"printbuffer(123, 123, KSBuffer_Measure_CHa.readings)",1
9301389,"printbuffer(123, 123, KSBuffer_Measure_CHa.timestamps)",1
9318364,"printbuffer(123, 123, KSBuffer_Source_CHb.readings)",1
9324316,"printbuffer(123, 123, KSBuffer_Measure_CHb.readings)",1
9330269,"printbuffer(123, 123, KSBuffer_Measure_CHb.timestamps)",1
9364887,"printbuffer(124, 124, KSBuffer_Source_CHb.readings)",1
9370839,"printbuffer(124, 124, KSBuffer_Measure_CHb.readings)",1
9376792,"printbuffer(124, 124, KSBuffer_Measure_CHb.timestamps)",1
9392654,"printbuffer(124, 124, KSBuffer_Source_CHa.readings)",1
9398606,"printbuffer(124, 124, KSBuffer_Measure_CHa.readings)",1
9404559,"printbuffer(124, 124, KSBuffer_Measure_CHa.timestamps)",1
9427044,"printbuffer(125, 125, KSBuffer_Source_CHa.readings)",1
9432996,"printbuffer(125, 125, KSBuffer_Measure_CHa.readings)",1
9438949,"printbuffer(125, 125, KSBuffer_Measure_CHa.timestamps)",1
9455924,"printbuffer(125, 125, KSBuffer_Source_CHb.readings)",1
9461876,"printbuffer(125, 125, KSBuffer_Measure_CHb.readings)",1
9467829,"printbuffer(125, 125, KSBuffer_Measure_CHb.timestamps)",1
9501334,"printbuffer(126, 126, KSBuffer_Source_CHb.readings)",1
9507286,"printbuffer(126, 126, KSBuffer_Measure_CHb.readings)",1
9513239,"printbuffer(126, 126, KSBuffer_Measure_CHb.timestamps)",1
9530214,"printbuffer(126, 126, KSBuffer_Source_CHa.readings)",1
9537279,"printbuffer(126, 126, KSBuffer_Measure_CHa.readings)",1
9543232,"printbuffer(126, 126, KSBuffer_Measure_CHa.timestamps)",1
9570114,"printbuffer(127, 127, KSBuffer_Source_CHb.readings)",1
9576066,"printbuffer(127, 127, KSBuffer_Measure_CHb.readings)",1
9582019,"printbuffer(127, 127, KSBuffer_Measure_CHb.timestamps)",1
9598994,"printbuffer(127, 127, KSBuffer_Source_CHa.readings)",1
9604946,"printbuffer(127, 127, KSBuffer_Measure_CHa.readings)",1
9610899,"printbuffer(127, 127, KSBuffer_Measure_CHa.timestamps)",1
9644404,"printbuffer(128, 128, KSBuffer_Source_CHa.readings)",1
9650356,"printbuffer(128, 128, KSBuffer_Measure_CHa.readings)",1
9656309,"printbuffer(128, 128, KSBuffer_Measure_CHa.timestamps)",1
9673284,"printbuffer(128, 128, KSBuffer_Source_CHb.readings)",1
9679236,"printbuffer(128, 128, KSBuffer_Measure_CHb.readings)",1
9685189,"printbuffer(128, 128, KSBuffer_Measure_CHb.timestamps)",1
9707674,"printbuffer(129, 129, KSBuffer_Source_CHb.readings)",1
9713626,"printbuffer(129, 129, KSBuffer_Measure_CHb.readings)",1
9719579,"printbuffer(129, 129, KSBuffer_Measure_CHb.timestamps)",1
9736554,"printbuffer(129, 129, KSBuffer_Source_CHa.readings)",1
9742506,"printbuffer(129, 129, KSBuffer_Measure_CHa.readings)",1
9749572,"printbuffer(129, 129, KSBuffer_Measure_CHa.timestamps)",1
9770944,"printbuffer(130, 130, KSBuffer_Source_CHb.readings)",1
9776896,"printbuffer(130, 130, KSBuffer_Measure_CHb.readings)",1
9782849,"printbuffer(130, 130, KSBuffer_Measure_CHb.timestamps)",1
9799824,"printbuffer(130, 130, KSBuffer_Source_CHa.readings)",1
9805776,"printbuffer(130, 130, KSBuffer_Measure_CHa.readings)",1
9811729,"printbuffer(130, 130, KSBuffer_Measure_CHa.timestamps)",1
9834214,"printbuffer(131, 131, KSBuffer_Source_CHa.readings)",1
9840166,"printbuffer(131, 131, KSBuffer_Measure_CHa.readings)",1
9846119,"printbuffer(131, 131, KSBuffer_Measure_CHa.timestamps)",1
9863094,"printbuffer(131, 131, KSBuffer_Source_CHb.readings)",1
9869046,"printbuffer(131, 131, KSBuffer_Measure_CHb.readings)",1
9876112,"printbuffer(131, 131, KSBuffer_Measure_CHb.timestamps)",1
9902994,"printbuffer(132, 132, KSBuffer_Source_CHb.readings)",1
9908946,"printbuffer(132, 132, KSBuffer_Measure_CHb.readings)",1
9914899,"printbuffer(132, 132, KSBuffer_Measure_CHb.timestamps)",1
9931874,"printbuffer(132, 132, KSBuffer_Source_CHa.readings)",1
9937826,"printbuffer(132, 132, KSBuffer_Measure_CHa.readings)",1
9943779,"printbuffer(132, 132, KSBuffer_Measure_CHa.timestamps)",1
9971774,"printbuffer(133, 133, KSBuffer_Source_CHb.readings)",1
9977726,"printbuffer(133, 133, KSBuffer_Measure_CHb.readings)",1
9983679,"printbuffer(133, 133, KSBuffer_Measure_CHb.timestamps)",1
10000654,"printbuffer(133, 133, KSBuffer_Source_CHa.readings)",1
10006606,"printbuffer(133, 133, KSBuffer_Measure_CHa.readings)",1
10012559,"printbuffer(133, 133, KSBuffer_Measure_CHa.timestamps)",1
10040554,"printbuffer(134, 134, KSBuffer_Source_CHb.readings)",1
10046506,"printbuffer(134, 134, KSBuffer_Measure_CHb.readings)",1
10052459,"printbuffer(134, 134, KSBuffer_Measure_CHb.timestamps)",1
10069434,"printbuffer(134, 134, KSBuffer_Source_CHa.readings)",1
10075386,"printbuffer(134, 134, KSBuffer_Measure_CHa.readings)",1
10081339,"printbuffer(134, 134, KSBuffer_Measure_CHa.timestamps)",1
10109334,"printbuffer(135, 135, KSBuffer_Source_CHb.readings)",1
10116399,"printbuffer(135, 135, KSBuffer_Measure_CHb.readings)",1
10122352,"printbuffer(135, 135, KSBuffer_Measure_CHb.timestamps)",1
10133817,"printbuffer(135, 135, KSBuffer_Source_CHa.readings)",1
10139769,"printbuffer(135, 135, KSBuffer_Measure_CHa.readings)",1
10145722,"printbuffer(135, 135, KSBuffer_Measure_CHa.timestamps)",1
10178114,"printbuffer(136, 136, KSBuffer_Source_CHa.readings)",1
10184066,"printbuffer(136, 136, KSBuffer_Measure_CHa.readings)",1
10190019,"printbuffer(136, 136, KSBuffer_Measure_CHa.timestamps)",1
10206994,"printbuffer(136, 136, KSBuffer_Source_CHb.readings)",1
10212946,"printbuffer(136, 136, KSBuffer_Measure_CHb.readings)",1
10218899,"printbuffer(136, 136, KSBuffer_Measure_CHb.timestamps)",1
10246894,"printbuffer(137, 137, KSBuffer_Source_CHa.readings)",1
10252846,"printbuffer(137, 137, KSBuffer_Measure_CHa.readings)",1
10258799,"printbuffer(137, 137, KSBuffer_Measure_CHa.timestamps)",1
10275774,"printbuffer(137, 137, KSBuffer_Source_CHb.readings)",1
10281726,"printbuffer(137, 137, KSBuffer_Measure_CHb.readings)",1
10287679,"printbuffer(137, 137, KSBuffer_Measure_CHb.timestamps)",1
10322297,"printbuffer(138, 138, KSBuffer_Source_CHb.readings)",1
10328489,"printbuffer(138, 138, KSBuffer_Measure_CHb.readings)",1
10334442,"printbuffer(138, 138, KSBuffer_Measure_CHb.timestamps)",1
10350304,"printbuffer(138, 138, KSBuffer_Source_CHa.readings)",1
10356256,"printbuffer(138, 138, KSBuffer_Measure_CHa.readings)",1
10362209,"printbuffer(138, 138, KSBuffer_Measure_CHa.timestamps)",1
10386954,"printbuffer(139, 139, KSBuffer_Source_CHa.readings)",1
10392906,"printbuffer(139, 139, KSBuffer_Measure_CHa.readings)",1
10398859,"printbuffer(139, 139, KSBuffer_Measure_CHa.timestamps)",1
10415834,"printbuffer(139, 139, KSBuffer_Source_CHb.readings)",1
10421786,"printbuffer(139, 139, KSBuffer_Measure_CHb.readings)",1
10427739,"printbuffer(139, 139, KSBuffer_Measure_CHb.timestamps)",1
10457165,"printbuffer(140, 140, KSBuffer_Source_CHa.readings)",1
10463117,"printbuffer(140, 140, KSBuffer_Measure_CHa.readings)",1
10469070,"printbuffer(140, 140, KSBuffer_Measure_CHa.timestamps)",1
10486045,"printbuffer(140, 140, KSBuffer_Source_CHb.readings)",1
10493110,"printbuffer(140, 140, KSBuffer_Measure_CHb.readings)",1
10499063,"printbuffer(140, 140, KSBuffer_Measure_CHb.timestamps)",1
10520435,"printbuffer(141, 145, KSBuffer_Source_CHb.readings)",1
10526419,"printbuffer(141, 145, KSBuffer_Measure_CHb.readings)",1
10532404,"printbuffer(141, 145, KSBuffer_Measure_CHb.timestamps)",1
10549411,"printbuffer(141, 145, KSBuffer_Source_CHa.readings)",1
10555395,"printbuffer(141, 145, KSBuffer_Measure_CHa.readings)",1
10561380,"printbuffer(141, 145, KSBuffer_Measure_CHa.timestamps)",1
10583897,"printbuffer(146, 146, KSBuffer_Source_CHa.readings)",1
10590962,"printbuffer(146, 146, KSBuffer_Measure_CHa.readings)",1
10596915,"printbuffer(146, 146, KSBuffer_Measure_CHa.timestamps)",1
10608380,"printbuffer(146, 146, KSBuffer_Source_CHb.readings)",1
10614332,"printbuffer(146, 146, KSBuffer_Measure_CHb.readings)",1
10620285,"printbuffer(146, 146, KSBuffer_Measure_CHb.timestamps)",1
10652677,"printbuffer(147, 147, KSBuffer_Source_CHb.readings)",1
10658629,"printbuffer(147, 147, KSBuffer_Measure_CHb.readings)",1
10664582,"printbuffer(147, 147, KSBuffer_Measure_CHb.timestamps)",1
10681557,"printbuffer(147, 147, KSBuffer_Source_CHa.readings)",1
10687509,"printbuffer(147, 147, KSBuffer_Measure_CHa.readings)",1
10693462,"printbuffer(147, 147, KSBuffer_Measure_CHa.timestamps)",1
10715947,"printbuffer(148, 148, KSBuffer_Source_CHa.readings)",1
10721899,"printbuffer(148, 148, KSBuffer_Measure_CHa.readings)",1
10727852,"printbuffer(148, 148, KSBuffer_Measure_CHa.timestamps)",1
10744827,"printbuffer(148, 148, KSBuffer_Source_CHb.readings)",1
10750779,"printbuffer(148, 148, KSBuffer_Measure_CHb.readings)",1
10757828,"printbuffer(148, 148, KSBuffer_Measure_CHb.timestamps)",1
10787579,"printbuffer(149, 149, KSBuffer_Source_CHa.readings)",1
10793531,"printbuffer(149, 149, KSBuffer_Measure_CHa.readings)",1
10800597,"printbuffer(149, 149, KSBuffer_Measure_CHa.timestamps)",1
10812062,"printbuffer(149, 149, KSBuffer_Source_CHb.readings)",1
10818014,"printbuffer(149, 149, KSBuffer_Measure_CHb.readings)",1
10823967,"printbuffer(149, 149, KSBuffer_Measure_CHb.timestamps)",1
10850849,"printbuffer(150, 150, KSBuffer_Source_CHa.readings)",1
10856801,"printbuffer(150, 150, KSBuffer_Measure_CHa.readings)",1
10862754,"printbuffer(150, 150, KSBuffer_Measure_CHa.timestamps)",1
10874219,"printbuffer(150, 150, KSBuffer_Source_CHb.readings)",1
10880171,"printbuffer(150, 150, KSBuffer_Measure_CHb.readings)",1
10886124,"printbuffer(150, 150, KSBuffer_Measure_CHb.timestamps)",1
10919629,"printbuffer(151, 151, KSBuffer_Source_CHb.readings)",1
10925581,"printbuffer(151, 151, KSBuffer_Measure_CHb.readings)",1
10932647,"printbuffer(151, 151, KSBuffer_Measure_CHb.timestamps)",1
10944112,"printbuffer(151, 151, KSBuffer_Source_CHa.readings)",1
10950064,"printbuffer(151, 151, KSBuffer_Measure_CHa.readings)",1
10956017,"printbuffer(151, 151, KSBuffer_Measure_CHa.timestamps)",1
10982899,"printbuffer(152, 152, KSBuffer_Source_CHa.readings)",1
10988851,"printbuffer(152, 152, KSBuffer_Measure_CHa.readings)",1
10994804,"printbuffer(152, 152, KSBuffer_Measure_CHa.timestamps)",1
11011779,"printbuffer(152, 152, KSBuffer_Source_CHb.readings)",1
11017731,"printbuffer(152, 152, KSBuffer_Measure_CHb.readings)",1
11024797,"printbuffer(152, 152, KSBuffer_Measure_CHb.timestamps)",1
11046169,"printbuffer(153, 153, KSBuffer_Source_CHb.readings)",1
11052121,"printbuffer(153, 153, KSBuffer_Measure_CHb.readings)",1
11058074,"printbuffer(153, 153, KSBuffer_Measure_CHb.timestamps)",1
11075049,"printbuffer(153, 153, KSBuffer_Source_CHa.readings)",1
11081001,"printbuffer(153, 153, KSBuffer_Measure_CHa.readings)",1
11086954,"printbuffer(153, 153, KSBuffer_Measure_CHa.timestamps)",1
11114949,"printbuffer(154, 154, KSBuffer_Source_CHb.readings)",1
11120901,"printbuffer(154, 154, KSBuffer_Measure_CHb.readings)",1
11126854,"printbuffer(154, 154, KSBuffer_Measure_CHb.timestamps)",1
11143829,"printbuffer(154, 154, KSBuffer_Source_CHa.readings)",1
11149781,"printbuffer(154, 154, KSBuffer_Measure_CHa.readings)",1
11156847,"printbuffer(154, 154, KSBuffer_Measure_CHa.timestamps)",1
11178219,"printbuffer(155, 155, KSBuffer_Source_CHb.readings)",1
11184171,"printbuffer(155, 155, KSBuffer_Measure_CHb.readings)",1
11190124,"printbuffer(155, 155, KSBuffer_Measure_CHb.timestamps)",1
11207099,"printbuffer(155, 155, KSBuffer_Source_CHa.readings)",1
11213051,"printbuffer(155, 155, KSBuffer_Measure_CHa.readings)",1
11219004,"printbuffer(155, 155, KSBuffer_Measure_CHa.timestamps)",1
11252509,"printbuffer(156, 156, KSBuffer_Source_CHa.readings)",1
11259574,"printbuffer(156, 156, KSBuffer_Measure_CHa.readings)",1
11265527,"printbuffer(156, 156, KSBuffer_Measure_CHa.timestamps)",1
11281389,"printbuffer(156, 156, KSBuffer_Source_CHb.readings)",1
11287341,"printbuffer(156, 156, KSBuffer_Measure_CHb.readings)",1
11293294,"printbuffer(156, 156, KSBuffer_Measure_CHb.timestamps)",1
11315779,"printbuffer(157, 157, KSBuffer_Source_CHb.readings)",1
11321731,"printbuffer(157, 157, KSBuffer_Measure_CHb.readings)",1
11327684,"printbuffer(157, 157, KSBuffer_Measure_CHb.timestamps)",1
11344659,"printbuffer(157, 157, KSBuffer_Source_CHa.readings)",1
11350611,"printbuffer(157, 157, KSBuffer_Measure_CHa.readings)",1
11356564,"printbuffer(157, 157, KSBuffer_Measure_CHa.timestamps)",1
11379049,"printbuffer(158, 158, KSBuffer_Source_CHa.readings)",1
11385001,"printbuffer(158, 158, KSBuffer_Measure_CHa.readings)",1
11390954,"printbuffer(158, 158, KSBuffer_Measure_CHa.timestamps)",1
11407929,"printbuffer(158, 158, KSBuffer_Source_CHb.readings)",1
11413881,"printbuffer(158, 158, KSBuffer_Measure_CHb.readings)",1
11419834,"printbuffer(158, 158, KSBuffer_Measure_CHb.timestamps)",1
11442319,"printbuffer(159, 159, KSBuffer_Source_CHb.readings)",1
11448271,"printbuffer(159, 159, KSBuffer_Measure_CHb.readings)",1
11454224,"printbuffer(159, 159, KSBuffer_Measure_CHb.timestamps)",1
11471199,"printbuffer(159, 159, KSBuffer_Source_CHa.readings)",1
11477151,"printbuffer(159, 159, KSBuffer_Measure_CHa.readings)",1
11483104,"printbuffer(159, 159, KSBuffer_Measure_CHa.timestamps)",1
11511099,"printbuffer(160, 160, KSBuffer_Source_CHb.readings)",1
11517051,"printbuffer(160, 160, KSBuffer_Measure_CHb.readings)",1
11523004,"printbuffer(160, 160, KSBuffer_Measure_CHb.timestamps)",1
11539979,"printbuffer(160, 160, KSBuffer_Source_CHa.readings)",1
11545931,"printbuffer(160, 160, KSBuffer_Measure_CHa.readings)",1
11551884,"printbuffer(160, 160, KSBuffer_Measure_CHa.timestamps)",1
11579879,"printbuffer(161, 161, KSBuffer_Source_CHb.readings)",1
11585831,"printbuffer(161, 161, KSBuffer_Measure_CHb.readings)",1
11592897,"printbuffer(161, 161, KSBuffer_Measure_CHb.timestamps)",1
11604362,"printbuffer(161, 161, KSBuffer_Source_CHa.readings)",1
11610314,"printbuffer(161, 161, KSBuffer_Measure_CHa.readings)",1
11616267,"printbuffer(161, 161, KSBuffer_Measure_CHa.timestamps)",1
11648659,"printbuffer(162, 162, KSBuffer_Source_CHb.readings)",1
11654611,"printbuffer(162, 162, KSBuffer_Measure_CHb.readings)",1
11660564,"printbuffer(162, 162, KSBuffer_Measure_CHb.timestamps)",1
11677539,"printbuffer(162, 162, KSBuffer_Source_CHa.readings)",1
11683491,"printbuffer(162, 162, KSBuffer_Measure_CHa.readings)",1
11690557,"printbuffer(162, 162, KSBuffer_Measure_CHa.timestamps)",1
11711929,"printbuffer(163, 163, KSBuffer_Source_CHb.readings)",1
11717881,"printbuffer(163, 163, KSBuffer_Measure_CHb.readings)",1
11723834,"printbuffer(163, 163, KSBuffer_Measure_CHb.timestamps)",1
11740809,"printbuffer(163, 163, KSBuffer_Source_CHa.readings)",1
11746761,"printbuffer(163, 163, KSBuffer_Measure_CHa.readings)",1
11752714,"printbuffer(163, 163, KSBuffer_Measure_CHa.timestamps)",1
11780709,"printbuffer(164, 164, KSBuffer_Source_CHb.readings)",1
11786661,"printbuffer(164, 164, KSBuffer_Measure_CHb.readings)",1
11792614,"printbuffer(164, 164, KSBuffer_Measure_CHb.timestamps)",1
11804079,"printbuffer(164, 164, KSBuffer_Source_CHa.readings)",1
11810031,"printbuffer(164, 164, KSBuffer_Measure_CHa.readings)",1
11815984,"printbuffer(164, 164, KSBuffer_Measure_CHa.timestamps)",1
11850602,"printbuffer(165, 165, KSBuffer_Source_CHa.readings)",1
11856554,"printbuffer(165, 165, KSBuffer_Measure_CHa.readings)",1
11862507,"printbuffer(165, 165, KSBuffer_Measure_CHa.timestamps)",1
11878369,"printbuffer(165, 165, KSBuffer_Source_CHb.readings)",1
11884321,"printbuffer(165, 165, KSBuffer_Measure_CHb.readings)",1
11890274,"printbuffer(165, 165, KSBuffer_Measure_CHb.timestamps)",1
11912759,"printbuffer(166, 166, KSBuffer_Source_CHb.readings)",1
11918711,"printbuffer(166, 166, KSBuffer_Measure_CHb.readings)",1
11924664,"printbuffer(166, 166, KSBuffer_Measure_CHb.timestamps)",1
11941639,"printbuffer(166, 166, KSBuffer_Source_CHa.readings)",1
11947591,"printbuffer(166, 166, KSBuffer_Measure_CHa.readings)",1
11953544,"printbuffer(166, 166, KSBuffer_Measure_CHa.timestamps)",1
11981539,"printbuffer(167, 167, KSBuffer_Source_CHb.readings)",1
11987491,"printbuffer(167, 167, KSBuffer_Measure_CHb.readings)",1
11993444,"printbuffer(167, 167, KSBuffer_Measure_CHb.timestamps)",1
12010419,"printbuffer(167, 167, KSBuffer_Source_CHa.readings)",1
12016371,"printbuffer(167, 167, KSBuffer_Measure_CHa.readings)",1
12022324,"printbuffer(167, 167, KSBuffer_Measure_CHa.timestamps)",1
12050319,"printbuffer(168, 168, KSBuffer_Source_CHb.readings)",1
12056271,"printbuffer(168, 168, KSBuffer_Measure_CHb.readings)",1
12062224,"printbuffer(168, 168, KSBuffer_Measure_CHb.timestamps)",1
12079199,"printbuffer(168, 168, KSBuffer_Source_CHa.readings)",1
12085151,"printbuffer(168, 168, KSBuffer_Measure_CHa.readings)",1
12091104,"printbuffer(168, 168, KSBuffer_Measure_CHa.timestamps)",1
12124609,"printbuffer(169, 169, KSBuffer_Source_CHa.readings)",1
12130561,"printbuffer(169, 169, KSBuffer_Measure_CHa.readings)",1
12136514,"printbuffer(169, 169, KSBuffer_Measure_CHa.timestamps)",1
12153489,"printbuffer(169, 169, KSBuffer_Source_CHb.readings)",1
12160554,"printbuffer(169, 169, KSBuffer_Measure_CHb.readings)",1
12166507,"printbuffer(169, 169, KSBuffer_Measure_CHb.timestamps)",1
12187879,"printbuffer(170, 170, KSBuffer_Source_CHa.readings)",1
12193831,"printbuffer(170, 170, KSBuffer_Measure_CHa.readings)",1
12199784,"printbuffer(170, 170, KSBuffer_Measure_CHa.timestamps)",1
12216759,"printbuffer(170, 170, KSBuffer_Source_CHb.readings)",1
12222711,"printbuffer(170, 170, KSBuffer_Measure_CHb.readings)",1
12229777,"printbuffer(170, 170, KSBuffer_Measure_CHb.timestamps)",1
12256659,"printbuffer(171, 171, KSBuffer_Source_CHa.readings)",1
12262611,"printbuffer(171, 171, KSBuffer_Measure_CHa.readings)",1
12268564,"printbuffer(171, 171, KSBuffer_Measure_CHa.timestamps)",1
12285539,"printbuffer(171, 171, KSBuffer_Source_CHb.readings)",1
12292604,"printbuffer(171, 171, KSBuffer_Measure_CHb.readings)",1
12298557,"printbuffer(171, 171, KSBuffer_Measure_CHb.timestamps)",1
12325439,"printbuffer(172, 172, KSBuffer_Source_CHb.readings)",1
12331391,"printbuffer(172, 172, KSBuffer_Measure_CHb.readings)",1
12337344,"printbuffer(172, 172, KSBuffer_Measure_CHb.timestamps)",1
12354319,"printbuffer(172, 172, KSBuffer_Source_CHa.readings)",1
12360271,"printbuffer(172, 172, KSBuffer_Measure_CHa.readings)",1
12366224,"printbuffer(172, 172, KSBuffer_Measure_CHa.timestamps)",1
12394219,"printbuffer(173, 173, KSBuffer_Source_CHb.readings)",1
12400171,"printbuffer(173, 173, KSBuffer_Measure_CHb.readings)",1
12406124,"printbuffer(173, 173, KSBuffer_Measure_CHb.timestamps)",1
12423099,"printbuffer(173, 173, KSBuffer_Source_CHa.readings)",1
12429051,"printbuffer(173, 173, KSBuffer_Measure_CHa.readings)",1
12436117,"printbuffer(173, 173, KSBuffer_Measure_CHa.timestamps)",1
12462999,"printbuffer(174, 174, KSBuffer_Source_CHb.readings)",1
12468951,"printbuffer(174, 174, KSBuffer_Measure_CHb.readings)",1
12474904,"printbuffer(174, 174, KSBuffer_Measure_CHb.timestamps)",1
12491879,"printbuffer(174, 174, KSBuffer_Source_CHa.readings)",1
12497831,"printbuffer(174, 174, KSBuffer_Measure_CHa.readings)",1
12503784,"printbuffer(174, 174, KSBuffer_Measure_CHa.timestamps)",1
12527382,"printbuffer(175, 175, KSBuffer_Source_CHa.readings)",1
12533334,"printbuffer(175, 175, KSBuffer_Measure_CHa.readings)",1
12539287,"printbuffer(175, 175, KSBuffer_Measure_CHa.timestamps)",1
12555149,"printbuffer(175, 175, KSBuffer_Source_CHb.readings)",1
12561101,"printbuffer(175, 175, KSBuffer_Measure_CHb.readings)",1
12567054,"printbuffer(175, 175, KSBuffer_Measure_CHb.timestamps)",1
12600559,"printbuffer(176, 176, KSBuffer_Source_CHb.readings)",1
12606511,"printbuffer(176, 176, KSBuffer_Measure_CHb.readings)",1
12612464,"printbuffer(176, 176, KSBuffer_Measure_CHb.timestamps)",1
12629439,"printbuffer(176, 176, KSBuffer_Source_CHa.readings)",1
12635391,"printbuffer(176, 176, KSBuffer_Measure_CHa.readings)",1
12642457,"printbuffer(176, 176, KSBuffer_Measure_CHa.timestamps)",1
12663829,"printbuffer(177, 177, KSBuffer_Source_CHb.readings)",1
12669781,"printbuffer(177, 177, KSBuffer_Measure_CHb.readings)",1
12675734,"printbuffer(177, 177, KSBuffer_Measure_CHb.timestamps)",1
12692709,"printbuffer(177, 177, KSBuffer_Source_CHa.readings)",1
12698661,"printbuffer(177, 177, KSBuffer_Measure_CHa.readings)",1
12704614,"printbuffer(177, 177, KSBuffer_Measure_CHa.timestamps)",1
12732609,"printbuffer(178, 178, KSBuffer_Source_CHb.readings)",1
12738561,"printbuffer(178, 178, KSBuffer_Measure_CHb.readings)",1
12744514,"printbuffer(178, 178, KSBuffer_Measure_CHb.timestamps)",1
12761489,"printbuffer(178, 178, KSBuffer_Source_CHa.readings)",1
12767441,"printbuffer(178, 178, KSBuffer_Measure_CHa.readings)",1
12773394,"printbuffer(178, 178, KSBuffer_Measure_CHa.timestamps)",1
12801389,"printbuffer(179, 179, KSBuffer_Source_CHb.readings)",1
12807341,"printbuffer(179, 179, KSBuffer_Measure_CHb.readings)",1
12813294,"printbuffer(179, 179, KSBuffer_Measure_CHb.timestamps)",1
12830269,"printbuffer(179, 179, KSBuffer_Source_CHa.readings)",1
12836221,"printbuffer(179, 179, KSBuffer_Measure_CHa.readings)",1
12842174,"printbuffer(179, 179, KSBuffer_Measure_CHa.timestamps)",1
12875679,"printbuffer(180, 180, KSBuffer_Source_CHa.readings)",1
12881631,"printbuffer(180, 180, KSBuffer_Measure_CHa.readings)",1
12887584,"printbuffer(180, 180, KSBuffer_Measure_CHa.timestamps)",1
12904559,"printbuffer(180, 180, KSBuffer_Source_CHb.readings)",1
12910511,"printbuffer(180, 180, KSBuffer_Measure_CHb.readings)",1
12917577,"printbuffer(180, 180, KSBuffer_Measure_CHb.timestamps)",1
12938949,"printbuffer(181, 181, KSBuffer_Source_CHb.readings)",1
12944901,"printbuffer(181, 181, KSBuffer_Measure_CHb.readings)",1
12950854,"printbuffer(181, 181, KSBuffer_Measure_CHb.timestamps)",1
12967829,"printbuffer(181, 181, KSBuffer_Source_CHa.readings)",1
12973781,"printbuffer(181, 181, KSBuffer_Measure_CHa.readings)",1
12979734,"printbuffer(181, 181, KSBuffer_Measure_CHa.timestamps)",1
13003332,"printbuffer(182, 182, KSBuffer_Source_CHa.readings)",1
13009284,"printbuffer(182, 182, KSBuffer_Measure_CHa.readings)",1
13015237,"printbuffer(182, 182, KSBuffer_Measure_CHa.timestamps)",1
13031099,"printbuffer(182, 182, KSBuffer_Source_CHb.readings)",1
13037051,"printbuffer(182, 182, KSBuffer_Measure_CHb.readings)",1
13043004,"printbuffer(182, 182, KSBuffer_Measure_CHb.timestamps)",1
13070999,"printbuffer(183, 183, KSBuffer_Source_CHa.readings)",1
13076951,"printbuffer(183, 183, KSBuffer_Measure_CHa.readings)",1
13082904,"printbuffer(183, 183, KSBuffer_Measure_CHa.timestamps)",1
13099879,"printbuffer(183, 183, KSBuffer_Source_CHb.readings)",1
13105831,"printbuffer(183, 183, KSBuffer_Measure_CHb.readings)",1
13111784,"printbuffer(183, 183, KSBuffer_Measure_CHb.timestamps)",1
13139779,"printbuffer(184, 184, KSBuffer_Source_CHa.readings)",1
13145731,"printbuffer(184, 184, KSBuffer_Measure_CHa.readings)",1
13151684,"printbuffer(184, 184, KSBuffer_Measure_CHa.timestamps)",1
13168659,"printbuffer(184, 184, KSBuffer_Source_CHb.readings)",1
13174611,"printbuffer(184, 184, KSBuffer_Measure_CHb.readings)",1
13180564,"printbuffer(184, 184, KSBuffer_Measure_CHb.timestamps)",1
13214069,"printbuffer(185, 185, KSBuffer_Source_CHb.readings)",1
13220021,"printbuffer(185, 185, KSBuffer_Measure_CHb.readings)",1
13225974,"printbuffer(185, 185, KSBuffer_Measure_CHb.timestamps)",1
13242949,"printbuffer(185, 185, KSBuffer_Source_CHa.readings)",1
13248901,"printbuffer(185, 185, KSBuffer_Measure_CHa.readings)",1
13254854,"printbuffer(185, 185, KSBuffer_Measure_CHa.timestamps)",1
13277339,"printbuffer(186, 186, KSBuffer_Source_CHa.readings)",1
13283291,"printbuffer(186, 186, KSBuffer_Measure_CHa.readings)",1
13289244,"printbuffer(186, 186, KSBuffer_Measure_CHa.timestamps)",1
13306219,"printbuffer(186, 186, KSBuffer_Source_CHb.readings)",1
13312171,"printbuffer(186, 186, KSBuffer_Measure_CHb.readings)",1
13318124,"printbuffer(186, 186, KSBuffer_Measure_CHb.timestamps)",1
13346119,"printbuffer(187, 187, KSBuffer_Source_CHa.readings)",1
13352071,"printbuffer(187, 187, KSBuffer_Measure_CHa.readings)",1
13358024,"printbuffer(187, 187, KSBuffer_Measure_CHa.timestamps)",1
13374999,"printbuffer(187, 187, KSBuffer_Source_CHb.readings)",1
13380951,"printbuffer(187, 187, KSBuffer_Measure_CHb.readings)",1
13386904,"printbuffer(187, 187, KSBuffer_Measure_CHb.timestamps)",1
13420409,"printbuffer(188, 188, KSBuffer_Source_CHb.readings)",1
13426361,"printbuffer(188, 188, KSBuffer_Measure_CHb.readings)",1
13432314,"printbuffer(188, 188, KSBuffer_Measure_CHb.timestamps)",1
13449289,"printbuffer(188, 188, KSBuffer_Source_CHa.readings)",1
13455241,"printbuffer(188, 188, KSBuffer_Measure_CHa.readings)",1
13461194,"printbuffer(188, 188, KSBuffer_Measure_CHa.timestamps)",1
13483679,"printbuffer(189, 189, KSBuffer_Source_CHa.readings)",1
13489631,"printbuffer(189, 189, KSBuffer_Measure_CHa.readings)",1
13495584,"printbuffer(189, 189, KSBuffer_Measure_CHa.timestamps)",1
13512559,"printbuffer(189, 189, KSBuffer_Source_CHb.readings)",1
13518511,"printbuffer(189, 189, KSBuffer_Measure_CHb.readings)",1
13524464,"printbuffer(189, 189, KSBuffer_Measure_CHb.timestamps)",1
13557969,"printbuffer(190, 190, KSBuffer_Source_CHb.readings)",1
13565034,"printbuffer(190, 190, KSBuffer_Measure_CHb.readings)",1
13570987,"printbuffer(190, 190, KSBuffer_Measure_CHb.timestamps)",1
13586849,"printbuffer(190, 190, KSBuffer_Source_CHa.readings)",1
13592801,"printbuffer(190, 190, KSBuffer_Measure_CHa.readings)",1
13598754,"printbuffer(190, 190, KSBuffer_Measure_CHa.timestamps)",1
13621239,"printbuffer(191, 191, KSBuffer_Source_CHa.readings)",1
13627191,"printbuffer(191, 191, KSBuffer_Measure_CHa.readings)",1
13634257,"printbuffer(191, 191, KSBuffer_Measure_CHa.timestamps)",1
13645722,"printbuffer(191, 191, KSBuffer_Source_CHb.readings)",1
13651674,"printbuffer(191, 191, KSBuffer_Measure_CHb.readings)",1
13657627,"printbuffer(191, 191, KSBuffer_Measure_CHb.timestamps)",1
13684509,"printbuffer(192, 192, KSBuffer_Source_CHa.readings)",1
13690461,"printbuffer(192, 192, KSBuffer_Measure_CHa.readings)",1
13696414,"printbuffer(192, 192, KSBuffer_Measure_CHa.timestamps)",1
13713389,"printbuffer(192, 192, KSBuffer_Source_CHb.readings)",1
13719341,"printbuffer(192, 192, KSBuffer_Measure_CHb.readings)",1
13725294,"printbuffer(192, 192, KSBuffer_Measure_CHb.timestamps)",1
13758799,"printbuffer(193, 193, KSBuffer_Source_CHb.readings)",1
13764751,"printbuffer(193, 193, KSBuffer_Measure_CHb.readings)",1
13770704,"printbuffer(193, 193, KSBuffer_Measure_CHb.timestamps)",1
13787679,"printbuffer(193, 193, KSBuffer_Source_CHa.readings)",1
13793631,"printbuffer(193, 193, KSBuffer_Measure_CHa.readings)",1
13799584,"printbuffer(193, 193, KSBuffer_Measure_CHa.timestamps)",1
13822069,"printbuffer(194, 194, KSBuffer_Source_CHa.readings)",1
13828021,"printbuffer(194, 194, KSBuffer_Measure_CHa.readings)",1
13833974,"printbuffer(194, 194, KSBuffer_Measure_CHa.timestamps)",1
13850949,"printbuffer(194, 194, KSBuffer_Source_CHb.readings)",1
13856901,"printbuffer(194, 194, KSBuffer_Measure_CHb.readings)",1
13862854,"printbuffer(194, 194, KSBuffer_Measure_CHb.timestamps)",1
13890849,"printbuffer(195, 195, KSBuffer_Source_CHa.readings)",1
13897914,"printbuffer(195, 195, KSBuffer_Measure_CHa.readings)",1
13903867,"printbuffer(195, 195, KSBuffer_Measure_CHa.timestamps)",1
13919729,"printbuffer(195, 195, KSBuffer_Source_CHb.readings)",1
13925681,"printbuffer(195, 195, KSBuffer_Measure_CHb.readings)",1
13931634,"printbuffer(195, 195, KSBuffer_Measure_CHb.timestamps)",1
13965139,"printbuffer(196, 196, KSBuffer_Source_CHb.readings)",1
13971091,"printbuffer(196, 196, KSBuffer_Measure_CHb.readings)",1
13977044,"printbuffer(196, 196, KSBuffer_Measure_CHb.timestamps)",1
13994019,"printbuffer(196, 196, KSBuffer_Source_CHa.readings)",1
13999971,"printbuffer(196, 196, KSBuffer_Measure_CHa.readings)",1
14005924,"printbuffer(196, 196, KSBuffer_Measure_CHa.timestamps)",1
14028409,"printbuffer(197, 197, KSBuffer_Source_CHa.readings)",1
14034361,"printbuffer(197, 197, KSBuffer_Measure_CHa.readings)",1
14040314,"printbuffer(197, 197, KSBuffer_Measure_CHa.timestamps)",1
14057289,"printbuffer(197, 197, KSBuffer_Source_CHb.readings)",1
14063241,"printbuffer(197, 197, KSBuffer_Measure_CHb.readings)",1
14070307,"printbuffer(197, 197, KSBuffer_Measure_CHb.timestamps)",1
14097189,"printbuffer(198, 198, KSBuffer_Source_CHb.readings)",1
14103141,"printbuffer(198, 198, KSBuffer_Measure_CHb.readings)",1
14109094,"printbuffer(198, 198, KSBuffer_Measure_CHb.timestamps)",1
14126069,"printbuffer(198, 198, KSBuffer_Source_CHa.readings)",1
14132021,"printbuffer(198, 198, KSBuffer_Measure_CHa.readings)",1
14139087,"printbuffer(198, 198, KSBuffer_Measure_CHa.timestamps)",1
14165969,"printbuffer(199, 199, KSBuffer_Source_CHb.readings)",1
14171921,"printbuffer(199, 199, KSBuffer_Measure_CHb.readings)",1
14177874,"printbuffer(199, 199, KSBuffer_Measure_CHb.timestamps)",1
14194849,"printbuffer(199, 199, KSBuffer_Source_CHa.readings)",1
14200801,"printbuffer(199, 199, KSBuffer_Measure_CHa.readings)",1
14206754,"printbuffer(199, 199, KSBuffer_Measure_CHa.timestamps)",1
14240259,"printbuffer(200, 200, KSBuffer_Source_CHa.readings)",1
14246211,"printbuffer(200, 200, KSBuffer_Measure_CHa.readings)",1
14252164,"printbuffer(200, 200, KSBuffer_Measure_CHa.timestamps)",1
14269139,"printbuffer(200, 200, KSBuffer_Source_CHb.readings)",1
14275091,"printbuffer(200, 200, KSBuffer_Measure_CHb.readings)",1
14281044,"printbuffer(200, 200, KSBuffer_Measure_CHb.timestamps)",1
14303529,"printbuffer(201, 201, KSBuffer_Source_CHb.readings)",1
14309481,"printbuffer(201, 201, KSBuffer_Measure_CHb.readings)",1
14316547,"printbuffer(201, 201, KSBuffer_Measure_CHb.timestamps)",1
14332409,"printbuffer(201, 201, KSBuffer_Source_CHa.readings)",1
14338361,"printbuffer(201, 201, KSBuffer_Measure_CHa.readings)",1
14344314,"printbuffer(201, 201, KSBuffer_Measure_CHa.timestamps)",1
14377819,"printbuffer(202, 202, KSBuffer_Source_CHa.readings)",1
14383771,"printbuffer(202, 202, KSBuffer_Measure_CHa.readings)",1
14390837,"printbuffer(202, 202, KSBuffer_Measure_CHa.timestamps)",1
14406699,"printbuffer(202, 202, KSBuffer_Source_CHb.readings)",1
14412651,"printbuffer(202, 202, KSBuffer_Measure_CHb.readings)",1
14418604,"printbuffer(202, 202, KSBuffer_Measure_CHb.timestamps)",1
14441089,"printbuffer(203, 203, KSBuffer_Source_CHb.readings)",1
14447041,"printbuffer(203, 203, KSBuffer_Measure_CHb.readings)",1
14452994,"printbuffer(203, 203, KSBuffer_Measure_CHb.timestamps)",1
14469969,"printbuffer(203, 203, KSBuffer_Source_CHa.readings)",1
14475921,"printbuffer(203, 203, KSBuffer_Measure_CHa.readings)",1
14481874,"printbuffer(203, 203, KSBuffer_Measure_CHa.timestamps)",1
14509869,"printbuffer(204, 204, KSBuffer_Source_CHb.readings)",1
14515821,"printbuffer(204, 204, KSBuffer_Measure_CHb.readings)",1
14521774,"printbuffer(204, 204, KSBuffer_Measure_CHb.timestamps)",1
14538749,"printbuffer(204, 204, KSBuffer_Source_CHa.readings)",1
14544701,"printbuffer(204, 204, KSBuffer_Measure_CHa.readings)",1
14550654,"printbuffer(204, 204, KSBuffer_Measure_CHa.timestamps)",1
14584159,"printbuffer(205, 205, KSBuffer_Source_CHa.readings)",1
14590111,"printbuffer(205, 205, KSBuffer_Measure_CHa.readings)",1
14596064,"printbuffer(205, 205, KSBuffer_Measure_CHa.timestamps)",1
14613039,"printbuffer(205, 205, KSBuffer_Source_CHb.readings)",1
14618991,"printbuffer(205, 205, KSBuffer_Measure_CHb.readings)",1
14624944,"printbuffer(205, 205, KSBuffer_Measure_CHb.timestamps)",1
14647429,"printbuffer(206, 206, KSBuffer_Source_CHb.readings)",1
14653381,"printbuffer(206, 206, KSBuffer_Measure_CHb.readings)",1
14659334,"printbuffer(206, 206, KSBuffer_Measure_CHb.timestamps)",1
14676309,"printbuffer(206, 206, KSBuffer_Source_CHa.readings)",1
14682261,"printbuffer(206, 206, KSBuffer_Measure_CHa.readings)",1
14688214,"printbuffer(206, 206, KSBuffer_Measure_CHa.timestamps)",1
14716209,"printbuffer(207, 207, KSBuffer_Source_CHb.readings)",1
14722161,"printbuffer(207, 207, KSBuffer_Measure_CHb.readings)",1
14728114,"printbuffer(207, 207, KSBuffer_Measure_CHb.timestamps)",1
14745089,"printbuffer(207, 207, KSBuffer_Source_CHa.readings)",1
14751041,"printbuffer(207, 207, KSBuffer_Measure_CHa.readings)",1
14758107,"printbuffer(207, 207, KSBuffer_Measure_CHa.timestamps)",1
14784989,"printbuffer(208, 208, KSBuffer_Source_CHa.readings)",1
14790941,"printbuffer(208, 208, KSBuffer_Measure_CHa.readings)",1
14796894,"printbuffer(208, 208, KSBuffer_Measure_CHa.timestamps)",1
14813869,"printbuffer(208, 208, KSBuffer_Source_CHb.readings)",1
14819821,"printbuffer(208, 208, KSBuffer_Measure_CHb.readings)",1
14825774,"printbuffer(208, 208, KSBuffer_Measure_CHb.timestamps)",1
14853769,"printbuffer(209, 209, KSBuffer_Source_CHa.readings)",1
14859721,"printbuffer(209, 209, KSBuffer_Measure_CHa.readings)",1
14865674,"printbuffer(209, 209, KSBuffer_Measure_CHa.timestamps)",1
14882649,"printbuffer(209, 209, KSBuffer_Source_CHb.readings)",1
14888601,"printbuffer(209, 209, KSBuffer_Measure_CHb.readings)",1
14894554,"printbuffer(209, 209, KSBuffer_Measure_CHb.timestamps)",1
14928059,"printbuffer(210, 210, KSBuffer_Source_CHb.readings)",1
14934011,"printbuffer(210, 210, KSBuffer_Measure_CHb.readings)",1
14939964,"printbuffer(210, 210, KSBuffer_Measure_CHb.timestamps)",1
14956939,"printbuffer(210, 210, KSBuffer_Source_CHa.readings)",1
14962891,"printbuffer(210, 210, KSBuffer_Measure_CHa.readings)",1
14968844,"printbuffer(210, 210, KSBuffer_Measure_CHa.timestamps)",1
14991329,"printbuffer(211, 211, KSBuffer_Source_CHa.readings)",1
14997281,"printbuffer(211, 211, KSBuffer_Measure_CHa.readings)",1
15003234,"printbuffer(211, 211, KSBuffer_Measure_CHa.timestamps)",1
15020209,"printbuffer(211, 211, KSBuffer_Source_CHb.readings)",1
15026161,"printbuffer(211, 211, KSBuffer_Measure_CHb.readings)",1
15032114,"printbuffer(211, 211, KSBuffer_Measure_CHb.timestamps)",1
15066732,"printbuffer(212, 212, KSBuffer_Source_CHb.readings)",1
15072684,"printbuffer(212, 212, KSBuffer_Measure_CHb.readings)",1
15078637,"printbuffer(212, 212, KSBuffer_Measure_CHb.timestamps)",1
15090102,"printbuffer(212, 212, KSBuffer_Source_CHa.readings)",1
15096054,"printbuffer(212, 212, KSBuffer_Measure_CHa.readings)",1
15102007,"printbuffer(212, 212, KSBuffer_Measure_CHa.timestamps)",1
15124492,"printbuffer(213, 213, KSBuffer_Source_CHb.readings)",1
15130444,"printbuffer(213, 213, KSBuffer_Measure_CHb.readings)",1
15136397,"printbuffer(213, 213, KSBuffer_Measure_CHb.timestamps)",1
15152259,"printbuffer(213, 213, KSBuffer_Source_CHa.readings)",1
15158211,"printbuffer(213, 213, KSBuffer_Measure_CHa.readings)",1
15165277,"printbuffer(213, 213, KSBuffer_Measure_CHa.timestamps)",1
15192159,"printbuffer(214, 214, KSBuffer_Source_CHb.readings)",1
15198111,"printbuffer(214, 214, KSBuffer_Measure_CHb.readings)",1
15204064,"printbuffer(214, 214, KSBuffer_Measure_CHb.timestamps)",1
15221039,"printbuffer(214, 214, KSBuffer_Source_CHa.readings)",1
15226991,"printbuffer(214, 214, KSBuffer_Measure_CHa.readings)",1
15232944,"printbuffer(214, 214, KSBuffer_Measure_CHa.timestamps)",1
15260939,"printbuffer(215, 215, KSBuffer_Source_CHb.readings)",1
15266891,"printbuffer(215, 215, KSBuffer_Measure_CHb.readings)",1
15272844,"printbuffer(215, 215, KSBuffer_Measure_CHb.timestamps)",1
15289819,"printbuffer(215, 215, KSBuffer_Source_CHa.readings)",1
15295771,"printbuffer(215, 215, KSBuffer_Measure_CHa.readings)",1
15301724,"printbuffer(215, 215, KSBuffer_Measure_CHa.timestamps)",1
15335469,"printbuffer(216, 216, KSBuffer_Source_CHa.readings)",1
15341421,"printbuffer(216, 216, KSBuffer_Measure_CHa.readings)",1
15348487,"printbuffer(216, 216, KSBuffer_Measure_CHa.timestamps)",1
15359952,"printbuffer(216, 216, KSBuffer_Source_CHb.readings)",1
15365904,"printbuffer(216, 216, KSBuffer_Measure_CHb.readings)",1
15371857,"printbuffer(216, 216, KSBuffer_Measure_CHb.timestamps)",1
15398942,"printbuffer(217, 217, KSBuffer_Source_CHa.readings)",1
15404894,"printbuffer(217, 217, KSBuffer_Measure_CHa.readings)",1
15410847,"printbuffer(217, 217, KSBuffer_Measure_CHa.timestamps)",1
15427822,"printbuffer(217, 217, KSBuffer_Source_CHb.readings)",1
15433774,"printbuffer(217, 217, KSBuffer_Measure_CHb.readings)",1
15439727,"printbuffer(217, 217, KSBuffer_Measure_CHb.timestamps)",1
15467722,"printbuffer(218, 218, KSBuffer_Source_CHa.readings)",1
15473674,"printbuffer(218, 218, KSBuffer_Measure_CHa.readings)",1
15479627,"printbuffer(218, 218, KSBuffer_Measure_CHa.timestamps)",1
15496602,"printbuffer(218, 218, KSBuffer_Source_CHb.readings)",1
15502554,"printbuffer(218, 218, KSBuffer_Measure_CHb.readings)",1
15508507,"printbuffer(218, 218, KSBuffer_Measure_CHb.timestamps)",1
15530992,"printbuffer(219, 219, KSBuffer_Source_CHb.readings)",1
15538057,"printbuffer(219, 219, KSBuffer_Measure_CHb.readings)",1
15544010,"printbuffer(219, 219, KSBuffer_Measure_CHb.timestamps)",1
15559872,"printbuffer(219, 219, KSBuffer_Source_CHa.readings)",1
15565824,"printbuffer(219, 219, KSBuffer_Measure_CHa.readings)",1
15571777,"printbuffer(219, 219, KSBuffer_Measure_CHa.timestamps)",1
15599772,"printbuffer(220, 220, KSBuffer_Source_CHa.readings)",1
15605724,"printbuffer(220, 220, KSBuffer_Measure_CHa.readings)",1
15612790,"printbuffer(220, 220, KSBuffer_Measure_CHa.timestamps)",1
15628652,"printbuffer(220, 220, KSBuffer_Source_CHb.readings)",1
15634604,"printbuffer(220, 220, KSBuffer_Measure_CHb.readings)",1
15640557,"printbuffer(220, 220, KSBuffer_Measure_CHb.timestamps)",1
15668552,"printbuffer(221, 221, KSBuffer_Source_CHa.readings)",1
15674504,"printbuffer(221, 221, KSBuffer_Measure_CHa.readings)",1
15680457,"printbuffer(221, 221, KSBuffer_Measure_CHa.timestamps)",1
15697432,"printbuffer(221, 221, KSBuffer_Source_CHb.readings)",1
15703384,"printbuffer(221, 221, KSBuffer_Measure_CHb.readings)",1
15709337,"printbuffer(221, 221, KSBuffer_Measure_CHb.timestamps)",1
15742842,"printbuffer(222, 222, KSBuffer_Source_CHb.readings)",1
15748794,"printbuffer(222, 222, KSBuffer_Measure_CHb.readings)",1
15754747,"printbuffer(222, 222, KSBuffer_Measure_CHb.timestamps)",1
15771722,"printbuffer(222, 222, KSBuffer_Source_CHa.readings)",1
15777674,"printbuffer(222, 222, KSBuffer_Measure_CHa.readings)",1
15783627,"printbuffer(222, 222, KSBuffer_Measure_CHa.timestamps)",1
15811622,"printbuffer(223, 223, KSBuffer_Source_CHa.readings)",1
15817574,"printbuffer(223, 223, KSBuffer_Measure_CHa.readings)",1
15823527,"printbuffer(223, 223, KSBuffer_Measure_CHa.timestamps)",1
15840502,"printbuffer(223, 223, KSBuffer_Source_CHb.readings)",1
15846454,"printbuffer(223, 223, KSBuffer_Measure_CHb.readings)",1
15852407,"printbuffer(223, 223, KSBuffer_Measure_CHb.timestamps)",1
15880402,"printbuffer(224, 224, KSBuffer_Source_CHa.readings)",1
15886354,"printbuffer(224, 224, KSBuffer_Measure_CHa.readings)",1
15892307,"printbuffer(224, 224, KSBuffer_Measure_CHa.timestamps)",1
15909282,"printbuffer(224, 224, KSBuffer_Source_CHb.readings)",1
15915234,"printbuffer(224, 224, KSBuffer_Measure_CHb.readings)",1
15921187,"printbuffer(224, 224, KSBuffer_Measure_CHb.timestamps)",1
15954692,"printbuffer(225, 225, KSBuffer_Source_CHb.readings)",1
15960644,"printbuffer(225, 225, KSBuffer_Measure_CHb.readings)",1
15966597,"printbuffer(225, 225, KSBuffer_Measure_CHb.timestamps)",1
15983572,"printbuffer(225, 225, KSBuffer_Source_CHa.readings)",1
15989524,"printbuffer(225, 225, KSBuffer_Measure_CHa.readings)",1
15995477,"printbuffer(225, 225, KSBuffer_Measure_CHa.timestamps)",1
16017962,"printbuffer(226, 226, KSBuffer_Source_CHa.readings)",1
16025027,"printbuffer(226, 226, KSBuffer_Measure_CHa.readings)",1
16030980,"printbuffer(226, 226, KSBuffer_Measure_CHa.timestamps)",1
16046842,"printbuffer(226, 226, KSBuffer_Source_CHb.readings)",1
16052794,"printbuffer(226, 226, KSBuffer_Measure_CHb.readings)",1
16058747,"printbuffer(226, 226, KSBuffer_Measure_CHb.timestamps)",1
16081232,"printbuffer(227, 227, KSBuffer_Source_CHb.readings)",1
16087184,"printbuffer(227, 227, KSBuffer_Measure_CHb.readings)",1
16093137,"printbuffer(227, 227, KSBuffer_Measure_CHb.timestamps)",1
16110112,"printbuffer(227, 227, KSBuffer_Source_CHa.readings)",1
16116064,"printbuffer(227, 227, KSBuffer_Measure_CHa.readings)",1
16122017,"printbuffer(227, 227, KSBuffer_Measure_CHa.timestamps)",1
16155522,"printbuffer(228, 228, KSBuffer_Source_CHa.readings)",1
16161474,"printbuffer(228, 228, KSBuffer_Measure_CHa.readings)",1
16168540,"printbuffer(228, 228, KSBuffer_Measure_CHa.timestamps)",1
16180005,"printbuffer(228, 228, KSBuffer_Source_CHb.readings)",1
16185957,"printbuffer(228, 228, KSBuffer_Measure_CHb.readings)",1
16191910,"printbuffer(228, 228, KSBuffer_Measure_CHb.timestamps)",1
16218792,"printbuffer(229, 229, KSBuffer_Source_CHb.readings)",1
16224744,"printbuffer(229, 229, KSBuffer_Measure_CHb.readings)",1
16230697,"printbuffer(229, 229, KSBuffer_Measure_CHb.timestamps)",1
16247672,"printbuffer(229, 229, KSBuffer_Source_CHa.readings)",1
16253624,"printbuffer(229, 229, KSBuffer_Measure_CHa.readings)",1
16259577,"printbuffer(229, 229, KSBuffer_Measure_CHa.timestamps)",1
16282062,"printbuffer(230, 230, KSBuffer_Source_CHa.readings)",1
16289127,"printbuffer(230, 230, KSBuffer_Measure_CHa.readings)",1
16295080,"printbuffer(230, 230, KSBuffer_Measure_CHa.timestamps)",1
16306545,"printbuffer(230, 230, KSBuffer_Source_CHb.readings)",1
16312497,"printbuffer(230, 230, KSBuffer_Measure_CHb.readings)",1
16318450,"printbuffer(230, 230, KSBuffer_Measure_CHb.timestamps)",1
16334312,"printbuffer(231, 231, KSBuffer_Source_CHa.readings)",1
16340264,"printbuffer(231, 231, KSBuffer_Measure_CHa.readings)",1
16346217,"printbuffer(231, 231, KSBuffer_Measure_CHa.timestamps)",1
16357682,"printbuffer(231, 231, KSBuffer_Source_CHb.readings)",1
16363634,"printbuffer(231, 231, KSBuffer_Measure_CHb.readings)",1
16369587,"printbuffer(231, 231, KSBuffer_Measure_CHb.timestamps)",1
16386562,"printbuffer(232, 232, KSBuffer_Source_CHa.readings)",1
16393627,"printbuffer(232, 232, KSBuffer_Measure_CHa.readings)",1
16399580,"printbuffer(232, 232, KSBuffer_Measure_CHa.timestamps)",1
16415442,"printbuffer(232, 232, KSBuffer_Source_CHb.readings)",1
16421394,"printbuffer(232, 232, KSBuffer_Measure_CHb.readings)",1
16427347,"printbuffer(232, 232, KSBuffer_Measure_CHb.timestamps)",1
16455342,"printbuffer(233, 233, KSBuffer_Source_CHa.readings)",1
16461294,"printbuffer(233, 233, KSBuffer_Measure_CHa.readings)",1
16467247,"printbuffer(233, 233, KSBuffer_Measure_CHa.timestamps)",1
16484222,"printbuffer(233, 233, KSBuffer_Source_CHb.readings)",1
16490174,"printbuffer(233, 233, KSBuffer_Measure_CHb.readings)",1
16496127,"printbuffer(233, 233, KSBuffer_Measure_CHb.timestamps)",1
16518612,"printbuffer(234, 234, KSBuffer_Source_CHb.readings)",1
16524564,"printbuffer(234, 234, KSBuffer_Measure_CHb.readings)",1
16530517,"printbuffer(234, 234, KSBuffer_Measure_CHb.timestamps)",1
16547492,"printbuffer(234, 234, KSBuffer_Source_CHa.readings)",1
16553444,"printbuffer(234, 234, KSBuffer_Measure_CHa.readings)",1
16560510,"printbuffer(234, 234, KSBuffer_Measure_CHa.timestamps)",1
16582995,"printbuffer(235, 235, KSBuffer_Source_CHb.readings)",1
16588947,"printbuffer(235, 235, KSBuffer_Measure_CHb.readings)",1
16594900,"printbuffer(235, 235, KSBuffer_Measure_CHb.timestamps)",1
16610762,"printbuffer(235, 235, KSBuffer_Source_CHa.readings)",1
16616714,"printbuffer(235, 235, KSBuffer_Measure_CHa.readings)",1
16622667,"printbuffer(235, 235, KSBuffer_Measure_CHa.timestamps)",1
16650662,"printbuffer(236, 236, KSBuffer_Source_CHb.readings)",1
16656614,"printbuffer(236, 236, KSBuffer_Measure_CHb.readings)",1
16662567,"printbuffer(236, 236, KSBuffer_Measure_CHb.timestamps)",1
16679542,"printbuffer(236, 236, KSBuffer_Source_CHa.readings)",1
16686607,"printbuffer(236, 236, KSBuffer_Measure_CHa.readings)",1
16692560,"printbuffer(236, 236, KSBuffer_Measure_CHa.timestamps)",1
16715045,"printbuffer(237, 237, KSBuffer_Source_CHa.readings)",1
16720997,"printbuffer(237, 237, KSBuffer_Measure_CHa.readings)",1
16726950,"printbuffer(237, 237, KSBuffer_Measure_CHa.timestamps)",1
16742812,"printbuffer(237, 237, KSBuffer_Source_CHb.readings)",1
16748764,"printbuffer(237, 237, KSBuffer_Measure_CHb.readings)",1
16754717,"printbuffer(237, 237, KSBuffer_Measure_CHb.timestamps)",1
16782712,"printbuffer(238, 238, KSBuffer_Source_CHa.readings)",1
16789777,"printbuffer(238, 238, KSBuffer_Measure_CHa.readings)",1
16795730,"printbuffer(238, 238, KSBuffer_Measure_CHa.timestamps)",1
16807195,"printbuffer(238, 238, KSBuffer_Source_CHb.readings)",1
16813147,"printbuffer(238, 238, KSBuffer_Measure_CHb.readings)",1
16819100,"printbuffer(238, 238, KSBuffer_Measure_CHb.timestamps)",1
16852605,"printbuffer(239, 239, KSBuffer_Source_CHa.readings)",1
16858557,"printbuffer(239, 239, KSBuffer_Measure_CHa.readings)",1
16864510,"printbuffer(239, 239, KSBuffer_Measure_CHa.timestamps)",1
16880372,"printbuffer(239, 239, KSBuffer_Source_CHb.readings)",1
16886324,"printbuffer(239, 239, KSBuffer_Measure_CHb.readings)",1
16892277,"printbuffer(239, 239, KSBuffer_Measure_CHb.timestamps)",1
16914762,"printbuffer(240, 240, KSBuffer_Source_CHb.readings)",1
16920714,"printbuffer(240, 240, KSBuffer_Measure_CHb.readings)",1
16926667,"printbuffer(240, 240, KSBuffer_Measure_CHb.timestamps)",1
16943642,"printbuffer(240, 240, KSBuffer_Source_CHa.readings)",1
16949594,"printbuffer(240, 240, KSBuffer_Measure_CHa.readings)",1
16955547,"printbuffer(240, 240, KSBuffer_Measure_CHa.timestamps)",1
16983542,"printbuffer(241, 241, KSBuffer_Source_CHb.readings)",1
16989494,"printbuffer(241, 241, KSBuffer_Measure_CHb.readings)",1
16995447,"printbuffer(241, 241, KSBuffer_Measure_CHb.timestamps)",1
17006912,"printbuffer(241, 241, KSBuffer_Source_CHa.readings)",1
17012864,"printbuffer(241, 241, KSBuffer_Measure_CHa.readings)",1
17018817,"printbuffer(241, 241, KSBuffer_Measure_CHa.timestamps)",1
17053435,"printbuffer(242, 242, KSBuffer_Source_CHa.readings)",1
17059387,"printbuffer(242, 242, KSBuffer_Measure_CHa.readings)",1
17065340,"printbuffer(242, 242, KSBuffer_Measure_CHa.timestamps)",1
17081202,"printbuffer(242, 242, KSBuffer_Source_CHb.readings)",1
17087154,"printbuffer(242, 242, KSBuffer_Measure_CHb.readings)",1
17093107,"printbuffer(242, 242, KSBuffer_Measure_CHb.timestamps)",1
17115592,"printbuffer(243, 243, KSBuffer_Source_CHb.readings)",1
17121544,"printbuffer(243, 243, KSBuffer_Measure_CHb.readings)",1
17128610,"printbuffer(243, 243, KSBuffer_Measure_CHb.timestamps)",1
17140075,"printbuffer(243, 243, KSBuffer_Source_CHa.readings)",1
17146027,"printbuffer(243, 243, KSBuffer_Measure_CHa.readings)",1
17151980,"printbuffer(243, 243, KSBuffer_Measure_CHa.timestamps)",1
17184372,"printbuffer(244, 244, KSBuffer_Source_CHb.readings)",1
17190324,"printbuffer(244, 244, KSBuffer_Measure_CHb.readings)",1
17196277,"printbuffer(244, 244, KSBuffer_Measure_CHb.timestamps)",1
17213252,"printbuffer(244, 244, KSBuffer_Source_CHa.readings)",1
17219204,"printbuffer(244, 244, KSBuffer_Measure_CHa.readings)",1
17225157,"printbuffer(244, 244, KSBuffer_Measure_CHa.timestamps)",1
17247642,"printbuffer(245, 245, KSBuffer_Source_CHa.readings)",1
17253594,"printbuffer(245, 245, KSBuffer_Measure_CHa.readings)",1
17259547,"printbuffer(245, 245, KSBuffer_Measure_CHa.timestamps)",1
17276522,"printbuffer(245, 245, KSBuffer_Source_CHb.readings)",1
17282474,"printbuffer(245, 245, KSBuffer_Measure_CHb.readings)",1
17288427,"printbuffer(245, 245, KSBuffer_Measure_CHb.timestamps)",1
17316422,"printbuffer(246, 246, KSBuffer_Source_CHa.readings)",1
17322374,"printbuffer(246, 246, KSBuffer_Measure_CHa.readings)",1
17328327,"printbuffer(246, 246, KSBuffer_Measure_CHa.timestamps)",1
17345302,"printbuffer(246, 246, KSBuffer_Source_CHb.readings)",1
17351254,"printbuffer(246, 246, KSBuffer_Measure_CHb.readings)",1
17357207,"printbuffer(246, 246, KSBuffer_Measure_CHb.timestamps)",1
17385202,"printbuffer(247, 247, KSBuffer_Source_CHa.readings)",1
17391154,"printbuffer(247, 247, KSBuffer_Measure_CHa.readings)",1
17398220,"printbuffer(247, 247, KSBuffer_Measure_CHa.timestamps)",1
17409685,"printbuffer(247, 247, KSBuffer_Source_CHb.readings)",1
17415637,"printbuffer(247, 247, KSBuffer_Measure_CHb.readings)",1
17421590,"printbuffer(247, 247, KSBuffer_Measure_CHb.timestamps)",1
17453982,"printbuffer(248, 248, KSBuffer_Source_CHa.readings)",1
17459934,"printbuffer(248, 248, KSBuffer_Measure_CHa.readings)",1
17465887,"printbuffer(248, 248, KSBuffer_Measure_CHa.timestamps)",1
17482862,"printbuffer(248, 248, KSBuffer_Source_CHb.readings)",1
17488814,"printbuffer(248, 248, KSBuffer_Measure_CHb.readings)",1
17494767,"printbuffer(248, 248, KSBuffer_Measure_CHb.timestamps)",1
17522762,"printbuffer(249, 249, KSBuffer_Source_CHb.readings)",1
17528714,"printbuffer(249, 249, KSBuffer_Measure_CHb.readings)",1
17534667,"printbuffer(249, 249, KSBuffer_Measure_CHb.timestamps)",1
17546132,"printbuffer(249, 249, KSBuffer_Source_CHa.readings)",1
17552084,"printbuffer(249, 249, KSBuffer_Measure_CHa.readings)",1
17558037,"printbuffer(249, 249, KSBuffer_Measure_CHa.timestamps)",1
17591542,"printbuffer(250, 250, KSBuffer_Source_CHa.readings)",1
17597494,"printbuffer(250, 250, KSBuffer_Measure_CHa.readings)",1
17603447,"printbuffer(250, 250, KSBuffer_Measure_CHa.timestamps)",1
17620422,"printbuffer(250, 250, KSBuffer_Source_CHb.readings)",1
17626374,"printbuffer(250, 250, KSBuffer_Measure_CHb.readings)",1
17632327,"printbuffer(250, 250, KSBuffer_Measure_CHb.timestamps)",1
17666945,"printbuffer(251, 251, KSBuffer_Source_CHb.readings)",1
17672897,"printbuffer(251, 251, KSBuffer_Measure_CHb.readings)",1
17678850,"printbuffer(251, 251, KSBuffer_Measure_CHb.timestamps)",1
17694712,"printbuffer(251, 251, KSBuffer_Source_CHa.readings)",1
17700664,"printbuffer(251, 251, KSBuffer_Measure_CHa.readings)",1
17706617,"printbuffer(251, 251, KSBuffer_Measure_CHa.timestamps)",1
17730215,"printbuffer(252, 252, KSBuffer_Source_CHa.readings)",1
17736167,"printbuffer(252, 252, KSBuffer_Measure_CHa.readings)",1
17742120,"printbuffer(252, 252, KSBuffer_Measure_CHa.timestamps)",1
17757982,"printbuffer(252, 252, KSBuffer_Source_CHb.readings)",1
17763934,"printbuffer(252, 252, KSBuffer_Measure_CHb.readings)",1
17769887,"printbuffer(252, 252, KSBuffer_Measure_CHb.timestamps)",1
17803392,"printbuffer(253, 253, KSBuffer_Source_CHb.readings)",1
17809344,"printbuffer(253, 253, KSBuffer_Measure_CHb.readings)",1
17815297,"printbuffer(253, 253, KSBuffer_Measure_CHb.timestamps)",1
17832272,"printbuffer(253, 253, KSBuffer_Source_CHa.readings)",1
17838224,"printbuffer(253, 253, KSBuffer_Measure_CHa.readings)",1
17844177,"printbuffer(253, 253, KSBuffer_Measure_CHa.timestamps)",1
17872172,"printbuffer(254, 254, KSBuffer_Source_CHa.readings)",1
17878124,"printbuffer(254, 254, KSBuffer_Measure_CHa.readings)",1
17884077,"printbuffer(254, 254, KSBuffer_Measure_CHa.timestamps)",1
17901052,"printbuffer(254, 254, KSBuffer_Source_CHb.readings)",1
17907004,"printbuffer(254, 254, KSBuffer_Measure_CHb.readings)",1
17914070,"printbuffer(254, 254, KSBuffer_Measure_CHb.timestamps)",1
17940952,"printbuffer(255, 255, KSBuffer_Source_CHb.readings)",1
17946904,"printbuffer(255, 255, KSBuffer_Measure_CHb.readings)",1
17952857,"printbuffer(255, 255, KSBuffer_Measure_CHb.timestamps)",1
17969832,"printbuffer(255, 255, KSBuffer_Source_CHa.readings)",1
17975784,"printbuffer(255, 255, KSBuffer_Measure_CHa.readings)",1
17981737,"printbuffer(255, 255, KSBuffer_Measure_CHa.timestamps)",1
18015242,"printbuffer(256, 256, KSBuffer_Source_CHa.readings)",1
18021194,"printbuffer(256, 256, KSBuffer_Measure_CHa.readings)",1
18027147,"printbuffer(256, 256, KSBuffer_Measure_CHa.timestamps)",1
18044122,"printbuffer(256, 256, KSBuffer_Source_CHb.readings)",1
18050074,"printbuffer(256, 256, KSBuffer_Measure_CHb.readings)",1
18056027,"printbuffer(256, 256, KSBuffer_Measure_CHb.timestamps)",1
18084022,"printbuffer(257, 257, KSBuffer_Source_CHa.readings)",1
18089974,"printbuffer(257, 257, KSBuffer_Measure_CHa.readings)",1
18095927,"printbuffer(257, 257, KSBuffer_Measure_CHa.timestamps)",1
18112902,"printbuffer(257, 257, KSBuffer_Source_CHb.readings)",1
18118854,"printbuffer(257, 257, KSBuffer_Measure_CHb.readings)",1
18124807,"printbuffer(257, 257, KSBuffer_Measure_CHb.timestamps)",1
18152802,"printbuffer(258, 258, KSBuffer_Source_CHa.readings)",1
18159867,"printbuffer(258, 258, KSBuffer_Measure_CHa.readings)",1
18165820,"printbuffer(258, 258, KSBuffer_Measure_CHa.timestamps)",1
18181682,"printbuffer(258, 258, KSBuffer_Source_CHb.readings)",1
18187634,"printbuffer(258, 258, KSBuffer_Measure_CHb.readings)",1
18193587,"printbuffer(258, 258, KSBuffer_Measure_CHb.timestamps)",1
18221582,"printbuffer(259, 259, KSBuffer_Source_CHa.readings)",1
18227534,"printbuffer(259, 259, KSBuffer_Measure_CHa.readings)",1
18233487,"printbuffer(259, 259, KSBuffer_Measure_CHa.timestamps)",1
18250462,"printbuffer(259, 259, KSBuffer_Source_CHb.readings)",1
18257527,"printbuffer(259, 259, KSBuffer_Measure_CHb.readings)",1
18263480,"printbuffer(259, 259, KSBuffer_Measure_CHb.timestamps)",1
18290362,"printbuffer(260, 260, KSBuffer_Source_CHb.readings)",1
18296314,"printbuffer(260, 260, KSBuffer_Measure_CHb.readings)",1
18302267,"printbuffer(260, 260, KSBuffer_Measure_CHb.timestamps)",1
18319242,"printbuffer(260, 260, KSBuffer_Source_CHa.readings)",1
18325194,"printbuffer(260, 260, KSBuffer_Measure_CHa.readings)",1
18331147,"printbuffer(260, 260, KSBuffer_Measure_CHa.timestamps)",1
18364652,"printbuffer(261, 261, KSBuffer_Source_CHa.readings)",1
18370604,"printbuffer(261, 261, KSBuffer_Measure_CHa.readings)",1
18376557,"printbuffer(261, 261, KSBuffer_Measure_CHa.timestamps)",1
18393532,"printbuffer(261, 261, KSBuffer_Source_CHb.readings)",1
18399484,"printbuffer(261, 261, KSBuffer_Measure_CHb.readings)",1
18405437,"printbuffer(261, 261, KSBuffer_Measure_CHb.timestamps)",1
18427922,"printbuffer(262, 262, KSBuffer_Source_CHb.readings)",1
18434987,"printbuffer(262, 262, KSBuffer_Measure_CHb.readings)",1
18440940,"printbuffer(262, 262, KSBuffer_Measure_CHb.timestamps)",1
18452405,"printbuffer(262, 262, KSBuffer_Source_CHa.readings)",1
18458357,"printbuffer(262, 262, KSBuffer_Measure_CHa.readings)",1
18464310,"printbuffer(262, 262, KSBuffer_Measure_CHa.timestamps)",1
18491192,"printbuffer(263, 263, KSBuffer_Source_CHb.readings)",1
18497144,"printbuffer(263, 263, KSBuffer_Measure_CHb.readings)",1
18503097,"printbuffer(263, 263, KSBuffer_Measure_CHb.timestamps)",1
18520072,"printbuffer(263, 263, KSBuffer_Source_CHa.readings)",1
18527137,"printbuffer(263, 263, KSBuffer_Measure_CHa.readings)",1
18533090,"printbuffer(263, 263, KSBuffer_Measure_CHa.timestamps)",1
18565482,"printbuffer(264, 264, KSBuffer_Source_CHb.readings)",1
18571434,"printbuffer(264, 264, KSBuffer_Measure_CHb.readings)",1
18577387,"printbuffer(264, 264, KSBuffer_Measure_CHb.timestamps)",1
18594362,"printbuffer(264, 264, KSBuffer_Source_CHa.readings)",1
18600314,"printbuffer(264, 264, KSBuffer_Measure_CHa.readings)",1
18607380,"printbuffer(264, 264, KSBuffer_Measure_CHa.timestamps)",1
18628752,"printbuffer(265, 265, KSBuffer_Source_CHb.readings)",1
18634704,"printbuffer(265, 265, KSBuffer_Measure_CHb.readings)",1
18640657,"printbuffer(265, 265, KSBuffer_Measure_CHb.timestamps)",1
18657632,"printbuffer(265, 265, KSBuffer_Source_CHa.readings)",1
18663584,"printbuffer(265, 265, KSBuffer_Measure_CHa.readings)",1
18670650,"printbuffer(265, 265, KSBuffer_Measure_CHa.timestamps)",1
18697532,"printbuffer(266, 266, KSBuffer_Source_CHa.readings)",1
18703484,"printbuffer(266, 266, KSBuffer_Measure_CHa.readings)",1
18709437,"printbuffer(266, 266, KSBuffer_Measure_CHa.timestamps)",1
18726412,"printbuffer(266, 266, KSBuffer_Source_CHb.readings)",1
18732364,"printbuffer(266, 266, KSBuffer_Measure_CHb.readings)",1
18738317,"printbuffer(266, 266, KSBuffer_Measure_CHb.timestamps)",1
18771822,"printbuffer(267, 267, KSBuffer_Source_CHb.readings)",1
18777774,"printbuffer(267, 267, KSBuffer_Measure_CHb.readings)",1
18783727,"printbuffer(267, 267, KSBuffer_Measure_CHb.timestamps)",1
18795192,"printbuffer(267, 267, KSBuffer_Source_CHa.readings)",1
18802257,"printbuffer(267, 267, KSBuffer_Measure_CHa.readings)",1
18808210,"printbuffer(267, 267, KSBuffer_Measure_CHa.timestamps)",1
18830695,"printbuffer(268, 268, KSBuffer_Source_CHb.readings)",1
18836647,"printbuffer(268, 268, KSBuffer_Measure_CHb.readings)",1
18842600,"printbuffer(268, 268, KSBuffer_Measure_CHb.timestamps)",1
18858462,"printbuffer(268, 268, KSBuffer_Source_CHa.readings)",1
18864414,"printbuffer(268, 268, KSBuffer_Measure_CHa.readings)",1
18870367,"printbuffer(268, 268, KSBuffer_Measure_CHa.timestamps)",1
18898362,"printbuffer(269, 269, KSBuffer_Source_CHb.readings)",1
18904314,"printbuffer(269, 269, KSBuffer_Measure_CHb.readings)",1
18911380,"printbuffer(269, 269, KSBuffer_Measure_CHb.timestamps)",1
18927242,"printbuffer(269, 269, KSBuffer_Source_CHa.readings)",1
18933194,"printbuffer(269, 269, KSBuffer_Measure_CHa.readings)",1
18939147,"printbuffer(269, 269, KSBuffer_Measure_CHa.timestamps)",1
18967142,"printbuffer(270, 270, KSBuffer_Source_CHb.readings)",1
18973094,"printbuffer(270, 270, KSBuffer_Measure_CHb.readings)",1
18979047,"printbuffer(270, 270, KSBuffer_Measure_CHb.timestamps)",1
18996022,"printbuffer(270, 270, KSBuffer_Source_CHa.readings)",1
19001974,"printbuffer(270, 270, KSBuffer_Measure_CHa.readings)",1
19007927,"printbuffer(270, 270, KSBuffer_Measure_CHa.timestamps)",1
19035922,"printbuffer(271, 271, KSBuffer_Source_CHb.readings)",1
19041874,"printbuffer(271, 271, KSBuffer_Measure_CHb.readings)",1
19047827,"printbuffer(271, 271, KSBuffer_Measure_CHb.timestamps)",1
19064802,"printbuffer(271, 271, KSBuffer_Source_CHa.readings)",1
19070754,"printbuffer(271, 271, KSBuffer_Measure_CHa.readings)",1
19076707,"printbuffer(271, 271, KSBuffer_Measure_CHa.timestamps)",1
19110212,"printbuffer(272, 272, KSBuffer_Source_CHa.readings)",1
19116164,"printbuffer(272, 272, KSBuffer_Measure_CHa.readings)",1
19122117,"printbuffer(272, 272, KSBuffer_Measure_CHa.timestamps)",1
19139092,"printbuffer(272, 272, KSBuffer_Source_CHb.readings)",1
19145044,"printbuffer(272, 272, KSBuffer_Measure_CHb.readings)",1
19150997,"printbuffer(272, 272, KSBuffer_Measure_CHb.timestamps)",1
19162462,"printbuffer(273, 273, KSBuffer_Source_CHb.readings)",1
19168414,"printbuffer(273, 273, KSBuffer_Measure_CHb.readings)",1
19175480,"printbuffer(273, 273, KSBuffer_Measure_CHb.timestamps)",1
19186945,"printbuffer(273, 273, KSBuffer_Source_CHa.readings)",1
19192897,"printbuffer(273, 273, KSBuffer_Measure_CHa.readings)",1
19198850,"printbuffer(273, 273, KSBuffer_Measure_CHa.timestamps)",1
19225732,"printbuffer(274, 274, KSBuffer_Source_CHb.readings)",1
19231684,"printbuffer(274, 274, KSBuffer_Measure_CHb.readings)",1
19237637,"printbuffer(274, 274, KSBuffer_Measure_CHb.timestamps)",1
19254612,"printbuffer(274, 274, KSBuffer_Source_CHa.readings)",1
19260564,"printbuffer(274, 274, KSBuffer_Measure_CHa.readings)",1
19266517,"printbuffer(274, 274, KSBuffer_Measure_CHa.timestamps)",1
19301135,"printbuffer(275, 275, KSBuffer_Source_CHa.readings)",1
19307087,"printbuffer(275, 275, KSBuffer_Measure_CHa.readings)",1
19313040,"printbuffer(275, 275, KSBuffer_Measure_CHa.timestamps)",1
19324505,"printbuffer(275, 275, KSBuffer_Source_CHb.readings)",1
19330457,"printbuffer(275, 275, KSBuffer_Measure_CHb.readings)",1
19336410,"printbuffer(275, 275, KSBuffer_Measure_CHb.timestamps)",1
19368802,"printbuffer(276, 276, KSBuffer_Source_CHb.readings)",1
19374754,"printbuffer(276, 276, KSBuffer_Measure_CHb.readings)",1
19380707,"printbuffer(276, 276, KSBuffer_Measure_CHb.timestamps)",1
19397682,"printbuffer(276, 276, KSBuffer_Source_CHa.readings)",1
19403634,"printbuffer(276, 276, KSBuffer_Measure_CHa.readings)",1
19409587,"printbuffer(276, 276, KSBuffer_Measure_CHa.timestamps)",1
19421052,"printbuffer(277, 277, KSBuffer_Source_CHa.readings)",1
19427004,"printbuffer(277, 277, KSBuffer_Measure_CHa.readings)",1
19434070,"printbuffer(277, 277, KSBuffer_Measure_CHa.timestamps)",1
19445535,"printbuffer(277, 277, KSBuffer_Source_CHb.readings)",1
19451487,"printbuffer(277, 277, KSBuffer_Measure_CHb.readings)",1
19457440,"printbuffer(277, 277, KSBuffer_Measure_CHb.timestamps)",1
19489832,"printbuffer(278, 278, KSBuffer_Source_CHa.readings)",1
19495784,"printbuffer(278, 278, KSBuffer_Measure_CHa.readings)",1
19501737,"printbuffer(278, 278, KSBuffer_Measure_CHa.timestamps)",1
19518712,"printbuffer(278, 278, KSBuffer_Source_CHb.readings)",1
19524664,"printbuffer(278, 278, KSBuffer_Measure_CHb.readings)",1
19530617,"printbuffer(278, 278, KSBuffer_Measure_CHb.timestamps)",1
19553102,"printbuffer(279, 279, KSBuffer_Source_CHb.readings)",1
19560167,"printbuffer(279, 279, KSBuffer_Measure_CHb.readings)",1
19566120,"printbuffer(279, 279, KSBuffer_Measure_CHb.timestamps)",1
19577585,"printbuffer(279, 279, KSBuffer_Source_CHa.readings)",1
19583537,"printbuffer(279, 279, KSBuffer_Measure_CHa.readings)",1
19589490,"printbuffer(279, 279, KSBuffer_Measure_CHa.timestamps)",1
19616372,"printbuffer(280, 280, KSBuffer_Source_CHa.readings)",1
19622324,"printbuffer(280, 280, KSBuffer_Measure_CHa.readings)",1
19628277,"printbuffer(280, 280, KSBuffer_Measure_CHa.timestamps)",1
19645252,"printbuffer(280, 280, KSBuffer_Source_CHb.readings)",1
19651204,"printbuffer(280, 280, KSBuffer_Measure_CHb.readings)",1
19657157,"printbuffer(280, 280, KSBuffer_Measure_CHb.timestamps)",1
19679642,"printbuffer(281, 281, KSBuffer_Source_CHb.readings)",1
19685594,"printbuffer(281, 281, KSBuffer_Measure_CHb.readings)",1
19692660,"printbuffer(281, 281, KSBuffer_Measure_CHb.timestamps)",1
19708522,"printbuffer(281, 281, KSBuffer_Source_CHa.readings)",1
19714474,"printbuffer(281, 281, KSBuffer_Measure_CHa.readings)",1
19720427,"printbuffer(281, 281, KSBuffer_Measure_CHa.timestamps)",1
19744025,"printbuffer(282, 282, KSBuffer_Source_CHa.readings)",1
19749977,"printbuffer(282, 282, KSBuffer_Measure_CHa.readings)",1
19755930,"printbuffer(282, 282, KSBuffer_Measure_CHa.timestamps)",1
19771792,"printbuffer(282, 282, KSBuffer_Source_CHb.readings)",1
19777744,"printbuffer(282, 282, KSBuffer_Measure_CHb.readings)",1
19783697,"printbuffer(282, 282, KSBuffer_Measure_CHb.timestamps)",1
19806182,"printbuffer(283, 283, KSBuffer_Source_CHb.readings)",1
19812134,"printbuffer(283, 283, KSBuffer_Measure_CHb.readings)",1
19818087,"printbuffer(283, 283, KSBuffer_Measure_CHb.timestamps)",1
19835062,"printbuffer(283, 283, KSBuffer_Source_CHa.readings)",1
19841014,"printbuffer(283, 283, KSBuffer_Measure_CHa.readings)",1
19846967,"printbuffer(283, 283, KSBuffer_Measure_CHa.timestamps)",1
19874962,"printbuffer(284, 284, KSBuffer_Source_CHb.readings)",1
19880914,"printbuffer(284, 284, KSBuffer_Measure_CHb.readings)",1
19886867,"printbuffer(284, 284, KSBuffer_Measure_CHb.timestamps)",1
19903842,"printbuffer(284, 284, KSBuffer_Source_CHa.readings)",1
19909794,"printbuffer(284, 284, KSBuffer_Measure_CHa.readings)",1
19915747,"printbuffer(284, 284, KSBuffer_Measure_CHa.timestamps)",1
19938232,"printbuffer(285, 285, KSBuffer_Source_CHa.readings)",1
19944184,"printbuffer(285, 285, KSBuffer_Measure_CHa.readings)",1
19950137,"printbuffer(285, 285, KSBuffer_Measure_CHa.timestamps)",1
19967112,"printbuffer(285, 285, KSBuffer_Source_CHb.readings)",1
19973064,"printbuffer(285, 285, KSBuffer_Measure_CHb.readings)",1
19979017,"printbuffer(285, 285, KSBuffer_Measure_CHb.timestamps)",1
20012522,"printbuffer(286, 286, KSBuffer_Source_CHb.readings)",1
20018474,"printbuffer(286, 286, KSBuffer_Measure_CHb.readings)",1
20024427,"printbuffer(286, 286, KSBuffer_Measure_CHb.timestamps)",1
20041402,"printbuffer(286, 286, KSBuffer_Source_CHa.readings)",1
20047354,"printbuffer(286, 286, KSBuffer_Measure_CHa.readings)",1
20053307,"printbuffer(286, 286, KSBuffer_Measure_CHa.timestamps)",1
20075792,"printbuffer(287, 287, KSBuffer_Source_CHa.readings)",1
20081744,"printbuffer(287, 287, KSBuffer_Measure_CHa.readings)",1
20087697,"printbuffer(287, 287, KSBuffer_Measure_CHa.timestamps)",1
20104672,"printbuffer(287, 287, KSBuffer_Source_CHb.readings)",1
20110624,"printbuffer(287, 287, KSBuffer_Measure_CHb.readings)",1
20116577,"printbuffer(287, 287, KSBuffer_Measure_CHb.timestamps)",1
20139062,"printbuffer(288, 288, KSBuffer_Source_CHb.readings)",1
20145014,"printbuffer(288, 288, KSBuffer_Measure_CHb.readings)",1
20150967,"printbuffer(288, 288, KSBuffer_Measure_CHb.timestamps)",1
20167942,"printbuffer(288, 288, KSBuffer_Source_CHa.readings)",1
20173894,"printbuffer(288, 288, KSBuffer_Measure_CHa.readings)",1
20179847,"printbuffer(288, 288, KSBuffer_Measure_CHa.timestamps)",1
20207842,"printbuffer(289, 289, KSBuffer_Source_CHa.readings)",1
20213794,"printbuffer(289, 289, KSBuffer_Measure_CHa.readings)",1
20219747,"printbuffer(289, 289, KSBuffer_Measure_CHa.timestamps)",1
20236722,"printbuffer(289, 289, KSBuffer_Source_CHb.readings)",1
20243787,"printbuffer(289, 289, KSBuffer_Measure_CHb.readings)",1
20249740,"printbuffer(289, 289, KSBuffer_Measure_CHb.timestamps)",1
20276622,"printbuffer(290, 290, KSBuffer_Source_CHa.readings)",1
20282574,"printbuffer(290, 290, KSBuffer_Measure_CHa.readings)",1
20288527,"printbuffer(290, 290, KSBuffer_Measure_CHa.timestamps)",1
20305502,"printbuffer(290, 290, KSBuffer_Source_CHb.readings)",1
20311454,"printbuffer(290, 290, KSBuffer_Measure_CHb.readings)",1
20317407,"printbuffer(290, 290, KSBuffer_Measure_CHb.timestamps)",1
20341005,"printbuffer(291, 291, KSBuffer_Source_CHb.readings)",1
20346957,"printbuffer(291, 291, KSBuffer_Measure_CHb.readings)",1
20352910,"printbuffer(291, 291, KSBuffer_Measure_CHb.timestamps)",1
20368772,"printbuffer(291, 291, KSBuffer_Source_CHa.readings)",1
20374724,"printbuffer(291, 291, KSBuffer_Measure_CHa.readings)",1
20380677,"printbuffer(291, 291, KSBuffer_Measure_CHa.timestamps)",1
20397652,"printbuffer(292, 292, KSBuffer_Source_CHb.readings)",1
20403604,"printbuffer(292, 292, KSBuffer_Measure_CHb.readings)",1
20409557,"printbuffer(292, 292, KSBuffer_Measure_CHb.timestamps)",1
20426532,"printbuffer(292, 292, KSBuffer_Source_CHa.readings)",1
20432484,"printbuffer(292, 292, KSBuffer_Measure_CHa.readings)",1
20438437,"printbuffer(292, 292, KSBuffer_Measure_CHa.timestamps)",1
20467151,"printbuffer(293, 293, KSBuffer_Source_CHb.readings)",1
20473103,"printbuffer(293, 293, KSBuffer_Measure_CHb.readings)",1
20480169,"printbuffer(293, 293, KSBuffer_Measure_CHb.timestamps)",1
20494257,"printbuffer(293, 293, KSBuffer_Source_CHa.readings)",1
20500412,"printbuffer(293, 293, KSBuffer_Measure_CHa.readings)",1
20506612,"printbuffer(293, 293, KSBuffer_Measure_CHa.timestamps)",1
20532338,"printbuffer(294, 294, KSBuffer_Source_CHb.readings)",1
20538290,"printbuffer(294, 294, KSBuffer_Measure_CHb.readings)",1
20544243,"printbuffer(294, 294, KSBuffer_Measure_CHb.timestamps)",1
20560105,"printbuffer(294, 294, KSBuffer_Source_CHa.readings)",1
20566057,"printbuffer(294, 294, KSBuffer_Measure_CHa.readings)",1
20572010,"printbuffer(294, 294, KSBuffer_Measure_CHa.timestamps)",1
20600005,"printbuffer(295, 295, KSBuffer_Source_CHb.readings)",1
20605957,"printbuffer(295, 295, KSBuffer_Measure_CHb.readings)",1
20611910,"printbuffer(295, 295, KSBuffer_Measure_CHb.timestamps)",1
20628885,"printbuffer(295, 295, KSBuffer_Source_CHa.readings)",1
20634837,"printbuffer(295, 295, KSBuffer_Measure_CHa.readings)",1
20640790,"printbuffer(295, 295, KSBuffer_Measure_CHa.timestamps)",1
20664388,"printbuffer(296, 296, KSBuffer_Source_CHa.readings)",1
20674737,"printbuffer(296, 296, KSBuffer_Source_CHb.readings)",1
20680689,"printbuffer(296, 296, KSBuffer_Measure_CHb.readings)",1
20686642,"printbuffer(296, 296, KSBuffer_Measure_CHb.timestamps)",1
20693710,"printbuffer(296, 296, KSBuffer_Measure_CHa.readings)",1
20699663,"printbuffer(296, 296, KSBuffer_Measure_CHa.timestamps)",1
20721035,"printbuffer(297, 297, KSBuffer_Source_CHa.readings)",1
20726987,"printbuffer(297, 297, KSBuffer_Measure_CHa.readings)",1
20734053,"printbuffer(297, 297, KSBuffer_Measure_CHa.timestamps)",1
20749915,"printbuffer(297, 297, KSBuffer_Source_CHb.readings)",1
20755867,"printbuffer(297, 297, KSBuffer_Measure_CHb.readings)",1
20761820,"printbuffer(297, 297, KSBuffer_Measure_CHb.timestamps)",1
20784305,"printbuffer(298, 298, KSBuffer_Source_CHb.readings)",1
20790257,"printbuffer(298, 298, KSBuffer_Measure_CHb.readings)",1
20796210,"printbuffer(298, 298, KSBuffer_Measure_CHb.timestamps)",1
20813185,"printbuffer(298, 298, KSBuffer_Source_CHa.readings)",1
20819137,"printbuffer(298, 298, KSBuffer_Measure_CHa.readings)",1
20825090,"printbuffer(298, 298, KSBuffer_Measure_CHa.timestamps)",1
20847575,"printbuffer(299, 299, KSBuffer_Source_CHa.readings)",1
20853527,"printbuffer(299, 299, KSBuffer_Measure_CHa.readings)",1
20859480,"printbuffer(299, 299, KSBuffer_Measure_CHa.timestamps)",1
20876455,"printbuffer(299, 299, KSBuffer_Source_CHb.readings)",1
20882407,"printbuffer(299, 299, KSBuffer_Measure_CHb.readings)",1
20888360,"printbuffer(299, 299, KSBuffer_Measure_CHb.timestamps)",1
20911958,"printbuffer(300, 300, KSBuffer_Source_CHb.readings)",1
20917910,"printbuffer(300, 300, KSBuffer_Measure_CHb.readings)",1
20923863,"printbuffer(300, 300, KSBuffer_Measure_CHb.timestamps)",1
20939725,"printbuffer(300, 300, KSBuffer_Source_CHa.readings)",1
20945677,"printbuffer(300, 300, KSBuffer_Measure_CHa.readings)",1
20952743,"printbuffer(300, 300, KSBuffer_Measure_CHa.timestamps)",1
20986248,"printbuffer(301, 301, KSBuffer_Source_CHb.readings)",1
20992200,"printbuffer(301, 301, KSBuffer_Measure_CHb.readings)",1
20998153,"printbuffer(301, 301, KSBuffer_Measure_CHb.timestamps)",1
21009618,"printbuffer(301, 301, KSBuffer_Source_CHa.readings)",1
21015570,"printbuffer(301, 301, KSBuffer_Measure_CHa.readings)",1
21021523,"printbuffer(301, 301, KSBuffer_Measure_CHa.timestamps)",1
21048405,"printbuffer(302, 302, KSBuffer_Source_CHa.readings)",1
21054357,"printbuffer(302, 302, KSBuffer_Measure_CHa.readings)",1
21060310,"printbuffer(302, 302, KSBuffer_Measure_CHa.timestamps)",1
21078357,"printbuffer(302, 302, KSBuffer_Source_CHb.readings)",1
21084309,"printbuffer(302, 302, KSBuffer_Measure_CHb.readings)",1
21091375,"printbuffer(302, 302, KSBuffer_Measure_CHb.timestamps)",1
21114479,"printbuffer(303, 303, KSBuffer_Source_CHa.readings)",1
21120431,"printbuffer(303, 303, KSBuffer_Measure_CHa.readings)",1
21126384,"printbuffer(303, 303, KSBuffer_Measure_CHa.timestamps)",1
21143359,"printbuffer(303, 303, KSBuffer_Source_CHb.readings)",1
21149311,"printbuffer(303, 303, KSBuffer_Measure_CHb.readings)",1
21155264,"printbuffer(303, 303, KSBuffer_Measure_CHb.timestamps)",1
21188769,"printbuffer(304, 304, KSBuffer_Source_CHb.readings)",1
21194721,"printbuffer(304, 304, KSBuffer_Measure_CHb.readings)",1
21200674,"printbuffer(304, 304, KSBuffer_Measure_CHb.timestamps)",1
21228669,"printbuffer(305, 305, KSBuffer_Source_CHb.readings)",1
21234621,"printbuffer(305, 305, KSBuffer_Measure_CHb.readings)",1
21240574,"printbuffer(305, 305, KSBuffer_Measure_CHb.timestamps)",1
21263059,"printbuffer(304, 305, KSBuffer_Source_CHa.readings)",1
21269019,"printbuffer(304, 305, KSBuffer_Measure_CHa.readings)",1
21274980,"printbuffer(304, 305, KSBuffer_Measure_CHa.timestamps)",1
21297473,"printbuffer(306, 306, KSBuffer_Source_CHb.readings)",1
21303425,"printbuffer(306, 306, KSBuffer_Measure_CHb.readings)",1
21309378,"printbuffer(306, 306, KSBuffer_Measure_CHb.timestamps)",1
21331863,"printbuffer(306, 306, KSBuffer_Source_CHa.readings)",1
21337815,"printbuffer(306, 306, KSBuffer_Measure_CHa.readings)",1
21343768,"printbuffer(306, 306, KSBuffer_Measure_CHa.timestamps)",1
21360743,"printbuffer(307, 307, KSBuffer_Source_CHb.readings)",1
21366695,"printbuffer(307, 307, KSBuffer_Measure_CHb.readings)",1
21372648,"printbuffer(307, 307, KSBuffer_Measure_CHb.timestamps)",1
21389623,"printbuffer(307, 307, KSBuffer_Source_CHa.readings)",1
21396688,"printbuffer(307, 307, KSBuffer_Measure_CHa.readings)",1
21402641,"printbuffer(307, 307, KSBuffer_Measure_CHa.timestamps)",1
21424013,"printbuffer(308, 308, KSBuffer_Source_CHb.readings)",1
21429965,"printbuffer(308, 308, KSBuffer_Measure_CHb.readings)",1
21435918,"printbuffer(308, 308, KSBuffer_Measure_CHb.timestamps)",1
21452893,"printbuffer(308, 308, KSBuffer_Source_CHa.readings)",1
21458845,"printbuffer(308, 308, KSBuffer_Measure_CHa.readings)",1
21464798,"printbuffer(308, 308, KSBuffer_Measure_CHa.timestamps)",1
21487283,"printbuffer(309, 309, KSBuffer_Source_CHa.readings)",1
21493235,"printbuffer(309, 309, KSBuffer_Measure_CHa.readings)",1
21499188,"printbuffer(309, 309, KSBuffer_Measure_CHa.timestamps)",1
21510653,"printbuffer(309, 309, KSBuffer_Source_CHb.readings)",1
21516605,"printbuffer(309, 309, KSBuffer_Measure_CHb.readings)",1
21522558,"printbuffer(309, 309, KSBuffer_Measure_CHb.timestamps)",1
21556063,"printbuffer(310, 310, KSBuffer_Source_CHa.readings)",1
21562015,"printbuffer(310, 310, KSBuffer_Measure_CHa.readings)",1
21567968,"printbuffer(310, 310, KSBuffer_Measure_CHa.timestamps)",1
21584943,"printbuffer(310, 310, KSBuffer_Source_CHb.readings)",1
21590895,"printbuffer(310, 310, KSBuffer_Measure_CHb.readings)",1
21596848,"printbuffer(310, 310, KSBuffer_Measure_CHb.timestamps)",1
21609426,"printbuffer(311, 311, KSBuffer_Source_CHb.readings)",1
21615378,"printbuffer(311, 311, KSBuffer_Measure_CHb.readings)",1
21623529,"printbuffer(311, 311, KSBuffer_Measure_CHb.timestamps)",1
21637193,"printbuffer(311, 311, KSBuffer_Source_CHa.readings)",1
21643145,"printbuffer(311, 311, KSBuffer_Measure_CHa.readings)",1
21649098,"printbuffer(311, 311, KSBuffer_Measure_CHa.timestamps)",1
21672696,"printbuffer(312, 312, KSBuffer_Source_CHa.readings)",1
21678648,"printbuffer(312, 312, KSBuffer_Measure_CHa.readings)",1
21684601,"printbuffer(312, 312, KSBuffer_Measure_CHa.timestamps)",1
21700463,"printbuffer(312, 312, KSBuffer_Source_CHb.readings)",1
21707528,"printbuffer(312, 312, KSBuffer_Measure_CHb.readings)",1
21713481,"printbuffer(312, 312, KSBuffer_Measure_CHb.timestamps)",1
21734853,"printbuffer(313, 313, KSBuffer_Source_CHb.readings)",1
21740805,"printbuffer(313, 313, KSBuffer_Measure_CHb.readings)",1
21747871,"printbuffer(313, 313, KSBuffer_Measure_CHb.timestamps)",1
21759336,"printbuffer(313, 313, KSBuffer_Source_CHa.readings)",1
21765288,"printbuffer(313, 313, KSBuffer_Measure_CHa.readings)",1
21771241,"printbuffer(313, 313, KSBuffer_Measure_CHa.timestamps)",1
21798123,"printbuffer(314, 314, KSBuffer_Source_CHa.readings)",1
21805188,"printbuffer(314, 314, KSBuffer_Measure_CHa.readings)",1
21811141,"printbuffer(314, 314, KSBuffer_Measure_CHa.timestamps)",1
21822606,"printbuffer(315, 318, KSBuffer_Source_CHa.readings)",1
21828582,"printbuffer(315, 318, KSBuffer_Measure_CHa.readings)",1
21834559,"printbuffer(315, 318, KSBuffer_Measure_CHa.timestamps)",1
21846048,"printbuffer(314, 318, KSBuffer_Source_CHb.readings)",1
21852032,"printbuffer(314, 318, KSBuffer_Measure_CHb.readings)",1
21858017,"printbuffer(314, 318, KSBuffer_Measure_CHb.timestamps)",1
21873911,"printbuffer(319, 319, KSBuffer_Source_CHa.readings)",1
21879863,"printbuffer(319, 319, KSBuffer_Measure_CHa.readings)",1
21885816,"printbuffer(319, 319, KSBuffer_Measure_CHa.timestamps)",1
21897281,"printbuffer(319, 319, KSBuffer_Source_CHb.readings)",1
21903233,"printbuffer(319, 319, KSBuffer_Measure_CHb.readings)",1
21909186,"printbuffer(319, 319, KSBuffer_Measure_CHb.timestamps)",1
21932784,"printbuffer(320, 320, KSBuffer_Source_CHb.readings)",1
21938736,"printbuffer(320, 320, KSBuffer_Measure_CHb.readings)",1
21944689,"printbuffer(320, 320, KSBuffer_Measure_CHb.timestamps)",1
21956154,"printbuffer(320, 320, KSBuffer_Source_CHa.readings)",1
21962106,"printbuffer(320, 320, KSBuffer_Measure_CHa.readings)",1
21968059,"printbuffer(320, 320, KSBuffer_Measure_CHa.timestamps)",1
21994941,"printbuffer(321, 321, KSBuffer_Source_CHa.readings)",1
22000893,"printbuffer(321, 321, KSBuffer_Measure_CHa.readings)",1
22006846,"printbuffer(321, 321, KSBuffer_Measure_CHa.timestamps)",1
22023821,"printbuffer(321, 321, KSBuffer_Source_CHb.readings)",1
22029773,"printbuffer(321, 321, KSBuffer_Measure_CHb.readings)",1
22035726,"printbuffer(321, 321, KSBuffer_Measure_CHb.timestamps)",1
22059324,"printbuffer(322, 322, KSBuffer_Source_CHb.readings)",1
22065276,"printbuffer(322, 322, KSBuffer_Measure_CHb.readings)",1
22071229,"printbuffer(322, 322, KSBuffer_Measure_CHb.timestamps)",1
22082694,"printbuffer(322, 322, KSBuffer_Source_CHa.readings)",1
22088646,"printbuffer(322, 322, KSBuffer_Measure_CHa.readings)",1
22094599,"printbuffer(322, 322, KSBuffer_Measure_CHa.timestamps)",1
22121481,"printbuffer(323, 323, KSBuffer_Source_CHb.readings)",1
22127433,"printbuffer(323, 323, KSBuffer_Measure_CHb.readings)",1
22134499,"printbuffer(323, 323, KSBuffer_Measure_CHb.timestamps)",1
22145964,"printbuffer(323, 323, KSBuffer_Source_CHa.readings)",1
22151916,"printbuffer(323, 323, KSBuffer_Measure_CHa.readings)",1
22157869,"printbuffer(323, 323, KSBuffer_Measure_CHa.timestamps)",1
22190261,"printbuffer(324, 324, KSBuffer_Source_CHa.readings)",1
22196213,"printbuffer(324, 324, KSBuffer_Measure_CHa.readings)",1
22202166,"printbuffer(324, 324, KSBuffer_Measure_CHa.timestamps)",1
22219141,"printbuffer(324, 324, KSBuffer_Source_CHb.readings)",1
22225093,"printbuffer(324, 324, KSBuffer_Measure_CHb.readings)",1
22231046,"printbuffer(324, 324, KSBuffer_Measure_CHb.timestamps)",1
22253531,"printbuffer(325, 325, KSBuffer_Source_CHb.readings)",1
22259483,"printbuffer(325, 325, KSBuffer_Measure_CHb.readings)",1
22265436,"printbuffer(325, 325, KSBuffer_Measure_CHb.timestamps)",1
22282411,"printbuffer(325, 325, KSBuffer_Source_CHa.readings)",1
22288363,"printbuffer(325, 325, KSBuffer_Measure_CHa.readings)",1
22294316,"printbuffer(325, 325, KSBuffer_Measure_CHa.timestamps)",1
22322311,"printbuffer(326, 326, KSBuffer_Source_CHb.readings)",1
22329376,"printbuffer(326, 326, KSBuffer_Measure_CHb.readings)",1
22335329,"printbuffer(326, 326, KSBuffer_Measure_CHb.timestamps)",1
22351191,"printbuffer(326, 326, KSBuffer_Source_CHa.readings)",1
22357143,"printbuffer(326, 326, KSBuffer_Measure_CHa.readings)",1
22363096,"printbuffer(326, 326, KSBuffer_Measure_CHa.timestamps)",1
22391091,"printbuffer(327, 327, KSBuffer_Source_CHb.readings)",1
22397043,"printbuffer(327, 327, KSBuffer_Measure_CHb.readings)",1
22402996,"printbuffer(327, 327, KSBuffer_Measure_CHb.timestamps)",1
22419971,"printbuffer(327, 327, KSBuffer_Source_CHa.readings)",1
22425923,"printbuffer(327, 327, KSBuffer_Measure_CHa.readings)",1
22431876,"printbuffer(327, 327, KSBuffer_Measure_CHa.timestamps)",1
22459871,"printbuffer(328, 328, KSBuffer_Source_CHb.readings)",1
22465823,"printbuffer(328, 328, KSBuffer_Measure_CHb.readings)",1
22471776,"printbuffer(328, 328, KSBuffer_Measure_CHb.timestamps)",1
22483241,"printbuffer(328, 328, KSBuffer_Source_CHa.readings)",1
22489193,"printbuffer(328, 328, KSBuffer_Measure_CHa.readings)",1
22496259,"printbuffer(328, 328, KSBuffer_Measure_CHa.timestamps)",1
22528651,"printbuffer(329, 329, KSBuffer_Source_CHb.readings)",1
22535716,"printbuffer(329, 329, KSBuffer_Measure_CHb.readings)",1
22541669,"printbuffer(329, 329, KSBuffer_Measure_CHb.timestamps)",1
22553134,"printbuffer(329, 329, KSBuffer_Source_CHa.readings)",1
22559086,"printbuffer(329, 329, KSBuffer_Measure_CHa.readings)",1
22565039,"printbuffer(329, 329, KSBuffer_Measure_CHa.timestamps)",1
22591921,"printbuffer(330, 330, KSBuffer_Source_CHa.readings)",1
22597873,"printbuffer(330, 330, KSBuffer_Measure_CHa.readings)",1
22603826,"printbuffer(330, 330, KSBuffer_Measure_CHa.timestamps)",1
22620801,"printbuffer(330, 330, KSBuffer_Source_CHb.readings)",1
22626753,"printbuffer(330, 330, KSBuffer_Measure_CHb.readings)",1
22632706,"printbuffer(330, 330, KSBuffer_Measure_CHb.timestamps)",1
22660701,"printbuffer(331, 331, KSBuffer_Source_CHa.readings)",1
22666653,"printbuffer(331, 331, KSBuffer_Measure_CHa.readings)",1
22672606,"printbuffer(331, 331, KSBuffer_Measure_CHa.timestamps)",1
22689581,"printbuffer(331, 331, KSBuffer_Source_CHb.readings)",1
22695533,"printbuffer(331, 331, KSBuffer_Measure_CHb.readings)",1
22701486,"printbuffer(331, 331, KSBuffer_Measure_CHb.timestamps)",1
22734991,"printbuffer(332, 332, KSBuffer_Source_CHb.readings)",1
22740943,"printbuffer(332, 332, KSBuffer_Measure_CHb.readings)",1
22746896,"printbuffer(332, 332, KSBuffer_Measure_CHb.timestamps)",1
22759474,"printbuffer(332, 332, KSBuffer_Source_CHa.readings)",1
22765426,"printbuffer(332, 332, KSBuffer_Measure_CHa.readings)",1
22771379,"printbuffer(332, 332, KSBuffer_Measure_CHa.timestamps)",1
22798261,"printbuffer(333, 333, KSBuffer_Source_CHa.readings)",1
22804213,"printbuffer(333, 333, KSBuffer_Measure_CHa.readings)",1
22810166,"printbuffer(333, 333, KSBuffer_Measure_CHa.timestamps)",1
22821631,"printbuffer(333, 333, KSBuffer_Source_CHb.readings)",1
22827583,"printbuffer(333, 333, KSBuffer_Measure_CHb.readings)",1
22833536,"printbuffer(333, 333, KSBuffer_Measure_CHb.timestamps)",1
22867041,"printbuffer(334, 334, KSBuffer_Source_CHb.readings)",1
22872993,"printbuffer(334, 334, KSBuffer_Measure_CHb.readings)",1
22878946,"printbuffer(334, 334, KSBuffer_Measure_CHb.timestamps)",1
22895921,"printbuffer(334, 334, KSBuffer_Source_CHa.readings)",1
22901873,"printbuffer(334, 334, KSBuffer_Measure_CHa.readings)",1
22907826,"printbuffer(334, 334, KSBuffer_Measure_CHa.timestamps)",1
22931424,"printbuffer(335, 335, KSBuffer_Source_CHa.readings)",1
22937376,"printbuffer(335, 335, KSBuffer_Measure_CHa.readings)",1
22943329,"printbuffer(335, 335, KSBuffer_Measure_CHa.timestamps)",1
22959191,"printbuffer(335, 335, KSBuffer_Source_CHb.readings)",1
22965143,"printbuffer(335, 335, KSBuffer_Measure_CHb.readings)",1
22972209,"printbuffer(335, 335, KSBuffer_Measure_CHb.timestamps)",1
22993581,"printbuffer(336, 336, KSBuffer_Source_CHa.readings)",1
22999533,"printbuffer(336, 336, KSBuffer_Measure_CHa.readings)",1
23005486,"printbuffer(336, 336, KSBuffer_Measure_CHa.timestamps)",1
23022461,"printbuffer(336, 336, KSBuffer_Source_CHb.readings)",1
23028413,"printbuffer(336, 336, KSBuffer_Measure_CHb.readings)",1
23034366,"printbuffer(336, 336, KSBuffer_Measure_CHb.timestamps)",1
23067871,"printbuffer(337, 337, KSBuffer_Source_CHb.readings)",1
23073823,"printbuffer(337, 337, KSBuffer_Measure_CHb.readings)",1
23079776,"printbuffer(337, 337, KSBuffer_Measure_CHb.timestamps)",1
23096751,"printbuffer(337, 337, KSBuffer_Source_CHa.readings)",1
23102703,"printbuffer(337, 337, KSBuffer_Measure_CHa.readings)",1
23108656,"printbuffer(337, 337, KSBuffer_Measure_CHa.timestamps)",1
23131141,"printbuffer(338, 338, KSBuffer_Source_CHa.readings)",1
23137093,"printbuffer(338, 338, KSBuffer_Measure_CHa.readings)",1
23143046,"printbuffer(338, 338, KSBuffer_Measure_CHa.timestamps)",1
23160021,"printbuffer(338, 338, KSBuffer_Source_CHb.readings)",1
23165973,"printbuffer(338, 338, KSBuffer_Measure_CHb.readings)",1
23171926,"printbuffer(338, 338, KSBuffer_Measure_CHb.timestamps)",1
23199921,"printbuffer(339, 339, KSBuffer_Source_CHa.readings)",1
23205873,"printbuffer(339, 339, KSBuffer_Measure_CHa.readings)",1
23212939,"printbuffer(339, 339, KSBuffer_Measure_CHa.timestamps)",1
23224404,"printbuffer(339, 339, KSBuffer_Source_CHb.readings)",1
23230356,"printbuffer(339, 339, KSBuffer_Measure_CHb.readings)",1
23236309,"printbuffer(339, 339, KSBuffer_Measure_CHb.timestamps)",1
23268701,"printbuffer(340, 340, KSBuffer_Source_CHa.readings)",1
23274653,"printbuffer(340, 340, KSBuffer_Measure_CHa.readings)",1
23280606,"printbuffer(340, 340, KSBuffer_Measure_CHa.timestamps)",1
23297581,"printbuffer(340, 340, KSBuffer_Source_CHb.readings)",1
23303533,"printbuffer(340, 340, KSBuffer_Measure_CHb.readings)",1
23309486,"printbuffer(340, 340, KSBuffer_Measure_CHb.timestamps)",1
23331971,"printbuffer(341, 341, KSBuffer_Source_CHb.readings)",1
23337923,"printbuffer(341, 341, KSBuffer_Measure_CHb.readings)",1
23343876,"printbuffer(341, 341, KSBuffer_Measure_CHb.timestamps)",1
23355341,"printbuffer(341, 341, KSBuffer_Source_CHa.readings)",1
23361293,"printbuffer(341, 341, KSBuffer_Measure_CHa.readings)",1
23367246,"printbuffer(341, 341, KSBuffer_Measure_CHa.timestamps)",1
23395241,"printbuffer(342, 342, KSBuffer_Source_CHb.readings)",1
23401193,"printbuffer(342, 342, KSBuffer_Measure_CHb.readings)",1
23407146,"printbuffer(342, 342, KSBuffer_Measure_CHb.timestamps)",1
23424121,"printbuffer(342, 342, KSBuffer_Source_CHa.readings)",1
23430073,"printbuffer(342, 342, KSBuffer_Measure_CHa.readings)",1
23436026,"printbuffer(342, 342, KSBuffer_Measure_CHa.timestamps)",1
23464021,"printbuffer(343, 343, KSBuffer_Source_CHb.readings)",1
23469973,"printbuffer(343, 343, KSBuffer_Measure_CHb.readings)",1
23475926,"printbuffer(343, 343, KSBuffer_Measure_CHb.timestamps)",1
23492901,"printbuffer(343, 343, KSBuffer_Source_CHa.readings)",1
23498853,"printbuffer(343, 343, KSBuffer_Measure_CHa.readings)",1
23504806,"printbuffer(343, 343, KSBuffer_Measure_CHa.timestamps)",1
23538311,"printbuffer(344, 344, KSBuffer_Source_CHa.readings)",1
23544263,"printbuffer(344, 344, KSBuffer_Measure_CHa.readings)",1
23550216,"printbuffer(344, 344, KSBuffer_Measure_CHa.timestamps)",1
23567191,"printbuffer(344, 344, KSBuffer_Source_CHb.readings)",1
23573143,"printbuffer(344, 344, KSBuffer_Measure_CHb.readings)",1
23579096,"printbuffer(344, 344, KSBuffer_Measure_CHb.timestamps)",1
23601581,"printbuffer(345, 345, KSBuffer_Source_CHb.readings)",1
23607533,"printbuffer(345, 345, KSBuffer_Measure_CHb.readings)",1
23613486,"printbuffer(345, 345, KSBuffer_Measure_CHb.timestamps)",1
23630461,"printbuffer(345, 345, KSBuffer_Source_CHa.readings)",1
23636413,"printbuffer(345, 345, KSBuffer_Measure_CHa.readings)",1
23642366,"printbuffer(345, 345, KSBuffer_Measure_CHa.timestamps)",1
23675871,"printbuffer(346, 346, KSBuffer_Source_CHa.readings)",1
23681823,"printbuffer(346, 346, KSBuffer_Measure_CHa.readings)",1
23688889,"printbuffer(346, 346, KSBuffer_Measure_CHa.timestamps)",1
23700354,"printbuffer(346, 346, KSBuffer_Source_CHb.readings)",1
23706306,"printbuffer(346, 346, KSBuffer_Measure_CHb.readings)",1
23712259,"printbuffer(346, 346, KSBuffer_Measure_CHb.timestamps)",1
23733631,"printbuffer(347, 347, KSBuffer_Source_CHb.readings)",1
23739583,"printbuffer(347, 347, KSBuffer_Measure_CHb.readings)",1
23745536,"printbuffer(347, 347, KSBuffer_Measure_CHb.timestamps)",1
23762511,"printbuffer(347, 347, KSBuffer_Source_CHa.readings)",1
23768463,"printbuffer(347, 347, KSBuffer_Measure_CHa.readings)",1
23775529,"printbuffer(347, 347, KSBuffer_Measure_CHa.timestamps)",1
23798014,"printbuffer(348, 348, KSBuffer_Source_CHb.readings)",1
23803966,"printbuffer(348, 348, KSBuffer_Measure_CHb.readings)",1
23809919,"printbuffer(348, 348, KSBuffer_Measure_CHb.timestamps)",1
23821384,"printbuffer(348, 348, KSBuffer_Source_CHa.readings)",1
23827336,"printbuffer(348, 348, KSBuffer_Measure_CHa.readings)",1
23833289,"printbuffer(348, 348, KSBuffer_Measure_CHa.timestamps)",1
23854661,"printbuffer(349, 349, KSBuffer_Source_CHa.readings)",1
23860613,"printbuffer(349, 349, KSBuffer_Measure_CHa.readings)",1
23866566,"printbuffer(349, 349, KSBuffer_Measure_CHa.timestamps)",1
23883541,"printbuffer(349, 349, KSBuffer_Source_CHb.readings)",1
23889493,"printbuffer(349, 349, KSBuffer_Measure_CHb.readings)",1
23895446,"printbuffer(349, 349, KSBuffer_Measure_CHb.timestamps)",1
23919044,"printbuffer(350, 350, KSBuffer_Source_CHb.readings)",1
23924996,"printbuffer(350, 350, KSBuffer_Measure_CHb.readings)",1
23930949,"printbuffer(350, 350, KSBuffer_Measure_CHb.timestamps)",1
23942414,"printbuffer(350, 350, KSBuffer_Source_CHa.readings)",1
23948366,"printbuffer(350, 350, KSBuffer_Measure_CHa.readings)",1
23954319,"printbuffer(350, 350, KSBuffer_Measure_CHa.timestamps)",1
23981201,"printbuffer(351, 351, KSBuffer_Source_CHa.readings)",1
23987153,"printbuffer(351, 351, KSBuffer_Measure_CHa.readings)",1
23993106,"printbuffer(351, 351, KSBuffer_Measure_CHa.timestamps)",1
24010081,"printbuffer(351, 351, KSBuffer_Source_CHb.readings)",1
24016033,"printbuffer(351, 351, KSBuffer_Measure_CHb.readings)",1
24021986,"printbuffer(351, 351, KSBuffer_Measure_CHb.timestamps)",1
24044471,"printbuffer(352, 352, KSBuffer_Source_CHb.readings)",1
24050423,"printbuffer(352, 352, KSBuffer_Measure_CHb.readings)",1
24056376,"printbuffer(352, 352, KSBuffer_Measure_CHb.timestamps)",1
24073351,"printbuffer(352, 352, KSBuffer_Source_CHa.readings)",1
24080416,"printbuffer(352, 352, KSBuffer_Measure_CHa.readings)",1
24086369,"printbuffer(352, 352, KSBuffer_Measure_CHa.timestamps)",1
24107741,"printbuffer(353, 353, KSBuffer_Source_CHb.readings)",1
24114806,"printbuffer(353, 353, KSBuffer_Measure_CHb.readings)",1
24120759,"printbuffer(353, 353, KSBuffer_Measure_CHb.timestamps)",1
24136621,"printbuffer(353, 353, KSBuffer_Source_CHa.readings)",1
24142573,"printbuffer(353, 353, KSBuffer_Measure_CHa.readings)",1
24149639,"printbuffer(353, 353, KSBuffer_Measure_CHa.timestamps)",1
24171011,"printbuffer(354, 354, KSBuffer_Source_CHa.readings)",1
24176963,"printbuffer(354, 354, KSBuffer_Measure_CHa.readings)",1
24182916,"printbuffer(354, 354, KSBuffer_Measure_CHa.timestamps)",1
24199891,"printbuffer(354, 354, KSBuffer_Source_CHb.readings)",1
24205843,"printbuffer(354, 354, KSBuffer_Measure_CHb.readings)",1
24211796,"printbuffer(354, 354, KSBuffer_Measure_CHb.timestamps)",1
24239791,"printbuffer(355, 355, KSBuffer_Source_CHa.readings)",1
24246856,"printbuffer(355, 355, KSBuffer_Measure_CHa.readings)",1
24252809,"printbuffer(355, 355, KSBuffer_Measure_CHa.timestamps)",1
24268671,"printbuffer(355, 355, KSBuffer_Source_CHb.readings)",1
24274623,"printbuffer(355, 355, KSBuffer_Measure_CHb.readings)",1
24280576,"printbuffer(355, 355, KSBuffer_Measure_CHb.timestamps)",1
24308571,"printbuffer(356, 356, KSBuffer_Source_CHa.readings)",1
24315636,"printbuffer(356, 356, KSBuffer_Measure_CHa.readings)",1
24321589,"printbuffer(356, 356, KSBuffer_Measure_CHa.timestamps)",1
24333054,"printbuffer(356, 356, KSBuffer_Source_CHb.readings)",1
24339006,"printbuffer(356, 356, KSBuffer_Measure_CHb.readings)",1
24344959,"printbuffer(356, 356, KSBuffer_Measure_CHb.timestamps)",1
24377351,"printbuffer(357, 357, KSBuffer_Source_CHa.readings)",1
24383303,"printbuffer(357, 357, KSBuffer_Measure_CHa.readings)",1
24389256,"printbuffer(357, 357, KSBuffer_Measure_CHa.timestamps)",1
24406231,"printbuffer(357, 357, KSBuffer_Source_CHb.readings)",1
24412183,"printbuffer(357, 357, KSBuffer_Measure_CHb.readings)",1
24418136,"printbuffer(357, 357, KSBuffer_Measure_CHb.timestamps)",1
24440621,"printbuffer(358, 358, KSBuffer_Source_CHb.readings)",1
24446573,"printbuffer(358, 358, KSBuffer_Measure_CHb.readings)",1
24453639,"printbuffer(358, 358, KSBuffer_Measure_CHb.timestamps)",1
24465104,"printbuffer(358, 358, KSBuffer_Source_CHa.readings)",1
24471056,"printbuffer(358, 358, KSBuffer_Measure_CHa.readings)",1
24477009,"printbuffer(358, 358, KSBuffer_Measure_CHa.timestamps)",1
24509401,"printbuffer(359, 359, KSBuffer_Source_CHb.readings)",1
24515353,"printbuffer(359, 359, KSBuffer_Measure_CHb.readings)",1
24521306,"printbuffer(359, 359, KSBuffer_Measure_CHb.timestamps)",1
24538281,"printbuffer(359, 359, KSBuffer_Source_CHa.readings)",1
24545346,"printbuffer(359, 359, KSBuffer_Measure_CHa.readings)",1
24551299,"printbuffer(359, 359, KSBuffer_Measure_CHa.timestamps)",1
24572671,"printbuffer(360, 360, KSBuffer_Source_CHa.readings)",1
24578623,"printbuffer(360, 360, KSBuffer_Measure_CHa.readings)",1
24584576,"printbuffer(360, 360, KSBuffer_Measure_CHa.timestamps)",1
24601551,"printbuffer(360, 360, KSBuffer_Source_CHb.readings)",1
24607503,"printbuffer(360, 360, KSBuffer_Measure_CHb.readings)",1
24613456,"printbuffer(360, 360, KSBuffer_Measure_CHb.timestamps)",1
24635941,"printbuffer(361, 361, KSBuffer_Source_CHb.readings)",1
24641893,"printbuffer(361, 361, KSBuffer_Measure_CHb.readings)",1
24647846,"printbuffer(361, 361, KSBuffer_Measure_CHb.timestamps)",1
24664821,"printbuffer(361, 361, KSBuffer_Source_CHa.readings)",1
24670773,"printbuffer(361, 361, KSBuffer_Measure_CHa.readings)",1
24676726,"printbuffer(361, 361, KSBuffer_Measure_CHa.timestamps)",1
24710231,"printbuffer(362, 362, KSBuffer_Source_CHa.readings)",1
24717296,"printbuffer(362, 362, KSBuffer_Measure_CHa.readings)",1
24723249,"printbuffer(362, 362, KSBuffer_Measure_CHa.timestamps)",1
24739111,"printbuffer(362, 362, KSBuffer_Source_CHb.readings)",1
24745063,"printbuffer(362, 362, KSBuffer_Measure_CHb.readings)",1
24751016,"printbuffer(362, 362, KSBuffer_Measure_CHb.timestamps)",1
24774614,"printbuffer(363, 363, KSBuffer_Source_CHb.readings)",1
24780566,"printbuffer(363, 363, KSBuffer_Measure_CHb.readings)",1
24786519,"printbuffer(363, 363, KSBuffer_Measure_CHb.timestamps)",1
24797984,"printbuffer(363, 363, KSBuffer_Source_CHa.readings)",1
24803936,"printbuffer(363, 363, KSBuffer_Measure_CHa.readings)",1
24809889,"printbuffer(363, 363, KSBuffer_Measure_CHa.timestamps)",1
24842281,"printbuffer(364, 364, KSBuffer_Source_CHb.readings)",1
24848233,"printbuffer(364, 364, KSBuffer_Measure_CHb.readings)",1
24854186,"printbuffer(364, 364, KSBuffer_Measure_CHb.timestamps)",1
24865651,"printbuffer(364, 364, KSBuffer_Source_CHa.readings)",1
24871603,"printbuffer(364, 364, KSBuffer_Measure_CHa.readings)",1
24877556,"printbuffer(364, 364, KSBuffer_Measure_CHa.timestamps)",1
24900041,"printbuffer(365, 365, KSBuffer_Source_CHa.readings)",1
24905993,"printbuffer(365, 365, KSBuffer_Measure_CHa.readings)",1
24911946,"printbuffer(365, 365, KSBuffer_Measure_CHa.timestamps)",1
24928921,"printbuffer(365, 365, KSBuffer_Source_CHb.readings)",1
24934873,"printbuffer(365, 365, KSBuffer_Measure_CHb.readings)",1
24940826,"printbuffer(365, 365, KSBuffer_Measure_CHb.timestamps)",1
24963311,"printbuffer(366, 366, KSBuffer_Source_CHb.readings)",1
24969263,"printbuffer(366, 366, KSBuffer_Measure_CHb.readings)",1
24976329,"printbuffer(366, 366, KSBuffer_Measure_CHb.timestamps)",1
24987794,"printbuffer(366, 366, KSBuffer_Source_CHa.readings)",1
24993746,"printbuffer(366, 366, KSBuffer_Measure_CHa.readings)",1
24999699,"printbuffer(366, 366, KSBuffer_Measure_CHa.timestamps)",1
25032091,"printbuffer(367, 367, KSBuffer_Source_CHa.readings)",1
25038043,"printbuffer(367, 367, KSBuffer_Measure_CHa.readings)",1
25043996,"printbuffer(367, 367, KSBuffer_Measure_CHa.timestamps)",1
25060971,"printbuffer(367, 367, KSBuffer_Source_CHb.readings)",1
25066923,"printbuffer(367, 367, KSBuffer_Measure_CHb.readings)",1
25072876,"printbuffer(367, 367, KSBuffer_Measure_CHb.timestamps)",1
25095361,"printbuffer(368, 368, KSBuffer_Source_CHb.readings)",1
25101313,"printbuffer(368, 368, KSBuffer_Measure_CHb.readings)",1
25107266,"printbuffer(368, 368, KSBuffer_Measure_CHb.timestamps)",1
25124241,"printbuffer(368, 368, KSBuffer_Source_CHa.readings)",1
25130193,"printbuffer(368, 368, KSBuffer_Measure_CHa.readings)",1
25137259,"printbuffer(368, 368, KSBuffer_Measure_CHa.timestamps)",1
25164141,"printbuffer(369, 369, KSBuffer_Source_CHa.readings)",1
25170093,"printbuffer(369, 369, KSBuffer_Measure_CHa.readings)",1
25176046,"printbuffer(369, 369, KSBuffer_Measure_CHa.timestamps)",1
25193261,"printbuffer(369, 369, KSBuffer_Source_CHb.readings)",1
25199213,"printbuffer(369, 369, KSBuffer_Measure_CHb.readings)",1
25205166,"printbuffer(369, 369, KSBuffer_Measure_CHb.timestamps)",1
25235421,"printbuffer(370, 370, KSBuffer_Source_CHa.readings)",1
25241373,"printbuffer(370, 370, KSBuffer_Measure_CHa.readings)",1
25247326,"printbuffer(370, 370, KSBuffer_Measure_CHa.timestamps)",1
25264301,"printbuffer(370, 370, KSBuffer_Source_CHb.readings)",1
25270253,"printbuffer(370, 370, KSBuffer_Measure_CHb.readings)",1
25276206,"printbuffer(370, 370, KSBuffer_Measure_CHb.timestamps)",1
25304201,"printbuffer(371, 371, KSBuffer_Source_CHa.readings)",1
25310702,"printbuffer(371, 371, KSBuffer_Measure_CHa.readings)",1
25317537,"printbuffer(371, 371, KSBuffer_Measure_CHa.timestamps)",1
25334512,"printbuffer(371, 371, KSBuffer_Source_CHb.readings)",1
25340464,"printbuffer(371, 371, KSBuffer_Measure_CHb.readings)",1
25346417,"printbuffer(371, 371, KSBuffer_Measure_CHb.timestamps)",1
25374412,"printbuffer(372, 372, KSBuffer_Source_CHa.readings)",1
25380364,"printbuffer(372, 372, KSBuffer_Measure_CHa.readings)",1
25386317,"printbuffer(372, 372, KSBuffer_Measure_CHa.timestamps)",1
25403292,"printbuffer(372, 372, KSBuffer_Source_CHb.readings)",1
25409244,"printbuffer(372, 372, KSBuffer_Measure_CHb.readings)",1
25415197,"printbuffer(372, 372, KSBuffer_Measure_CHb.timestamps)",1
25448702,"printbuffer(373, 373, KSBuffer_Source_CHb.readings)",1
25455767,"printbuffer(373, 373, KSBuffer_Measure_CHb.readings)",1
25461720,"printbuffer(373, 373, KSBuffer_Measure_CHb.timestamps)",1
25477582,"printbuffer(373, 373, KSBuffer_Source_CHa.readings)",1
25483534,"printbuffer(373, 373, KSBuffer_Measure_CHa.readings)",1
25489487,"printbuffer(373, 373, KSBuffer_Measure_CHa.timestamps)",1
25511972,"printbuffer(374, 374, KSBuffer_Source_CHa.readings)",1
25517924,"printbuffer(374, 374, KSBuffer_Measure_CHa.readings)",1
25523877,"printbuffer(374, 374, KSBuffer_Measure_CHa.timestamps)",1
25540852,"printbuffer(374, 374, KSBuffer_Source_CHb.readings)",1
25546804,"printbuffer(374, 374, KSBuffer_Measure_CHb.readings)",1
25552757,"printbuffer(374, 374, KSBuffer_Measure_CHb.timestamps)",1
25580752,"printbuffer(375, 375, KSBuffer_Source_CHa.readings)",1
25586704,"printbuffer(375, 375, KSBuffer_Measure_CHa.readings)",1
25592657,"printbuffer(375, 375, KSBuffer_Measure_CHa.timestamps)",1
25609632,"printbuffer(375, 375, KSBuffer_Source_CHb.readings)",1
25615584,"printbuffer(375, 375, KSBuffer_Measure_CHb.readings)",1
25621537,"printbuffer(375, 375, KSBuffer_Measure_CHb.timestamps)",1
25655042,"printbuffer(376, 376, KSBuffer_Source_CHb.readings)",1
25660994,"printbuffer(376, 376, KSBuffer_Measure_CHb.readings)",1
25666947,"printbuffer(376, 376, KSBuffer_Measure_CHb.timestamps)",1
25683922,"printbuffer(376, 376, KSBuffer_Source_CHa.readings)",1
25689874,"printbuffer(376, 376, KSBuffer_Measure_CHa.readings)",1
25695827,"printbuffer(376, 376, KSBuffer_Measure_CHa.timestamps)",1
25723822,"printbuffer(377, 377, KSBuffer_Source_CHb.readings)",1
25729774,"printbuffer(377, 377, KSBuffer_Measure_CHb.readings)",1
25735727,"printbuffer(377, 377, KSBuffer_Measure_CHb.timestamps)",1
25752702,"printbuffer(377, 377, KSBuffer_Source_CHa.readings)",1
25758654,"printbuffer(377, 377, KSBuffer_Measure_CHa.readings)",1
25764607,"printbuffer(377, 377, KSBuffer_Measure_CHa.timestamps)",1
25792602,"printbuffer(378, 378, KSBuffer_Source_CHb.readings)",1
25798554,"printbuffer(378, 378, KSBuffer_Measure_CHb.readings)",1
25804507,"printbuffer(378, 378, KSBuffer_Measure_CHb.timestamps)",1
25821482,"printbuffer(378, 378, KSBuffer_Source_CHa.readings)",1
25827434,"printbuffer(378, 378, KSBuffer_Measure_CHa.readings)",1
25833387,"printbuffer(378, 378, KSBuffer_Measure_CHa.timestamps)",1
25866892,"printbuffer(379, 379, KSBuffer_Source_CHa.readings)",1
25872844,"printbuffer(379, 379, KSBuffer_Measure_CHa.readings)",1
25879910,"printbuffer(379, 379, KSBuffer_Measure_CHa.timestamps)",1
25895772,"printbuffer(379, 379, KSBuffer_Source_CHb.readings)",1
25901724,"printbuffer(379, 379, KSBuffer_Measure_CHb.readings)",1
25908790,"printbuffer(379, 379, KSBuffer_Measure_CHb.timestamps)",1
25932371,"printbuffer(380, 380, KSBuffer_Source_CHb.readings)",1
25938323,"printbuffer(380, 380, KSBuffer_Measure_CHb.readings)",1
25945916,"printbuffer(380, 380, KSBuffer_Measure_CHb.timestamps)",1
25957381,"printbuffer(380, 380, KSBuffer_Source_CHa.readings)",1
25963333,"printbuffer(380, 380, KSBuffer_Measure_CHa.readings)",1
25969286,"printbuffer(380, 380, KSBuffer_Measure_CHa.timestamps)",1
26001678,"printbuffer(381, 381, KSBuffer_Source_CHa.readings)",1
26007630,"printbuffer(381, 381, KSBuffer_Measure_CHa.readings)",1
26013583,"printbuffer(381, 381, KSBuffer_Measure_CHa.timestamps)",1
26030558,"printbuffer(381, 381, KSBuffer_Source_CHb.readings)",1
26036510,"printbuffer(381, 381, KSBuffer_Measure_CHb.readings)",1
26042463,"printbuffer(381, 381, KSBuffer_Measure_CHb.timestamps)",1
26070458,"printbuffer(382, 382, KSBuffer_Source_CHa.readings)",1
26076410,"printbuffer(382, 382, KSBuffer_Measure_CHa.readings)",1
26082363,"printbuffer(382, 382, KSBuffer_Measure_CHa.timestamps)",1
26099338,"printbuffer(382, 382, KSBuffer_Source_CHb.readings)",1
26105290,"printbuffer(382, 382, KSBuffer_Measure_CHb.readings)",1
26111243,"printbuffer(382, 382, KSBuffer_Measure_CHb.timestamps)",1
26139238,"printbuffer(383, 383, KSBuffer_Source_CHa.readings)",1
26145190,"printbuffer(383, 383, KSBuffer_Measure_CHa.readings)",1
26151143,"printbuffer(383, 383, KSBuffer_Measure_CHa.timestamps)",1
26168118,"printbuffer(383, 383, KSBuffer_Source_CHb.readings)",1
26174070,"printbuffer(383, 383, KSBuffer_Measure_CHb.readings)",1
26180023,"printbuffer(383, 383, KSBuffer_Measure_CHb.timestamps)",1
26208018,"printbuffer(384, 384, KSBuffer_Source_CHa.readings)",1
26213970,"printbuffer(384, 384, KSBuffer_Measure_CHa.readings)",1
26219923,"printbuffer(384, 384, KSBuffer_Measure_CHa.timestamps)",1
26236898,"printbuffer(384, 384, KSBuffer_Source_CHb.readings)",1
26242850,"printbuffer(384, 384, KSBuffer_Measure_CHb.readings)",1
26248803,"printbuffer(384, 384, KSBuffer_Measure_CHb.timestamps)",1
26271288,"printbuffer(385, 385, KSBuffer_Source_CHb.readings)",1
26277240,"printbuffer(385, 385, KSBuffer_Measure_CHb.readings)",1
26283193,"printbuffer(385, 385, KSBuffer_Measure_CHb.timestamps)",1
26300168,"printbuffer(385, 385, KSBuffer_Source_CHa.readings)",1
26306120,"printbuffer(385, 385, KSBuffer_Measure_CHa.readings)",1
26313186,"printbuffer(385, 385, KSBuffer_Measure_CHa.timestamps)",1
26334558,"printbuffer(386, 386, KSBuffer_Source_CHa.readings)",1
26341623,"printbuffer(386, 386, KSBuffer_Measure_CHa.readings)",1
26347576,"printbuffer(386, 386, KSBuffer_Measure_CHa.timestamps)",1
26363438,"printbuffer(386, 386, KSBuffer_Source_CHb.readings)",1
26369390,"printbuffer(386, 386, KSBuffer_Measure_CHb.readings)",1
26375343,"printbuffer(386, 386, KSBuffer_Measure_CHb.timestamps)",1
26404451,"printbuffer(387, 387, KSBuffer_Source_CHa.readings)",1
26410403,"printbuffer(387, 387, KSBuffer_Measure_CHa.readings)",1
26416356,"printbuffer(387, 387, KSBuffer_Measure_CHa.timestamps)",1
26432218,"printbuffer(387, 387, KSBuffer_Source_CHb.readings)",1
26438170,"printbuffer(387, 387, KSBuffer_Measure_CHb.readings)",1
26444123,"printbuffer(387, 387, KSBuffer_Measure_CHb.timestamps)",1
26472118,"printbuffer(388, 388, KSBuffer_Source_CHa.readings)",1
26478070,"printbuffer(388, 388, KSBuffer_Measure_CHa.readings)",1
26484023,"printbuffer(388, 388, KSBuffer_Measure_CHa.timestamps)",1
26500998,"printbuffer(388, 388, KSBuffer_Source_CHb.readings)",1
26506950,"printbuffer(388, 388, KSBuffer_Measure_CHb.readings)",1
26512903,"printbuffer(388, 388, KSBuffer_Measure_CHb.timestamps)",1
26540898,"printbuffer(389, 389, KSBuffer_Source_CHa.readings)",1
26546850,"printbuffer(389, 389, KSBuffer_Measure_CHa.readings)",1
26552803,"printbuffer(389, 389, KSBuffer_Measure_CHa.timestamps)",1
26569778,"printbuffer(389, 389, KSBuffer_Source_CHb.readings)",1
26575730,"printbuffer(389, 389, KSBuffer_Measure_CHb.readings)",1
26581683,"printbuffer(389, 389, KSBuffer_Measure_CHb.timestamps)",1
26615188,"printbuffer(390, 390, KSBuffer_Source_CHb.readings)",1
26621140,"printbuffer(390, 390, KSBuffer_Measure_CHb.readings)",1
26628206,"printbuffer(390, 390, KSBuffer_Measure_CHb.timestamps)",1
26644068,"printbuffer(390, 390, KSBuffer_Source_CHa.readings)",1
26650020,"printbuffer(390, 390, KSBuffer_Measure_CHa.readings)",1
26657086,"printbuffer(390, 390, KSBuffer_Measure_CHa.timestamps)",1
26678458,"printbuffer(391, 391, KSBuffer_Source_CHa.readings)",1
26684410,"printbuffer(391, 391, KSBuffer_Measure_CHa.readings)",1
26691476,"printbuffer(391, 391, KSBuffer_Measure_CHa.timestamps)",1
26702941,"printbuffer(391, 391, KSBuffer_Source_CHb.readings)",1
26708893,"printbuffer(391, 391, KSBuffer_Measure_CHb.readings)",1
26714846,"printbuffer(391, 391, KSBuffer_Measure_CHb.timestamps)",1
26747238,"printbuffer(392, 392, KSBuffer_Source_CHa.readings)",1
26753190,"printbuffer(392, 392, KSBuffer_Measure_CHa.readings)",1
26759143,"printbuffer(392, 392, KSBuffer_Measure_CHa.timestamps)",1
26776118,"printbuffer(392, 392, KSBuffer_Source_CHb.readings)",1
26782070,"printbuffer(392, 392, KSBuffer_Measure_CHb.readings)",1
26788023,"printbuffer(392, 392, KSBuffer_Measure_CHb.timestamps)",1
26810508,"printbuffer(393, 393, KSBuffer_Source_CHb.readings)",1
26817573,"printbuffer(393, 393, KSBuffer_Measure_CHb.readings)",1
26823526,"printbuffer(393, 393, KSBuffer_Measure_CHb.timestamps)",1
26839388,"printbuffer(393, 393, KSBuffer_Source_CHa.readings)",1
26845340,"printbuffer(393, 393, KSBuffer_Measure_CHa.readings)",1
26851293,"printbuffer(393, 393, KSBuffer_Measure_CHa.timestamps)",1
26879288,"printbuffer(394, 394, KSBuffer_Source_CHb.readings)",1
26885240,"printbuffer(394, 394, KSBuffer_Measure_CHb.readings)",1
26891193,"printbuffer(394, 394, KSBuffer_Measure_CHb.timestamps)",1
26908168,"printbuffer(394, 394, KSBuffer_Source_CHa.readings)",1
26915233,"printbuffer(394, 394, KSBuffer_Measure_CHa.readings)",1
26921186,"printbuffer(394, 394, KSBuffer_Measure_CHa.timestamps)",1
26948068,"printbuffer(395, 395, KSBuffer_Source_CHb.readings)",1
26954020,"printbuffer(395, 395, KSBuffer_Measure_CHb.readings)",1
26959973,"printbuffer(395, 395, KSBuffer_Measure_CHb.timestamps)",1
26976948,"printbuffer(395, 395, KSBuffer_Source_CHa.readings)",1
26982900,"printbuffer(395, 395, KSBuffer_Measure_CHa.readings)",1
26988853,"printbuffer(395, 395, KSBuffer_Measure_CHa.timestamps)",1
27022358,"printbuffer(396, 396, KSBuffer_Source_CHa.readings)",1
27028310,"printbuffer(396, 396, KSBuffer_Measure_CHa.readings)",1
27034263,"printbuffer(396, 396, KSBuffer_Measure_CHa.timestamps)",1
27046841,"printbuffer(396, 396, KSBuffer_Source_CHb.readings)",1
27052793,"printbuffer(396, 396, KSBuffer_Measure_CHb.readings)",1
27058746,"printbuffer(396, 396, KSBuffer_Measure_CHb.timestamps)",1
27080118,"printbuffer(397, 397, KSBuffer_Source_CHb.readings)",1
27086070,"printbuffer(397, 397, KSBuffer_Measure_CHb.readings)",1
27092023,"printbuffer(397, 397, KSBuffer_Measure_CHb.timestamps)",1
27108998,"printbuffer(397, 397, KSBuffer_Source_CHa.readings)",1
27114950,"printbuffer(397, 397, KSBuffer_Measure_CHa.readings)",1
27120903,"printbuffer(397, 397, KSBuffer_Measure_CHa.timestamps)",1
27154408,"printbuffer(398, 398, KSBuffer_Source_CHa.readings)",1
27161473,"printbuffer(398, 398, KSBuffer_Measure_CHa.readings)",1
27167426,"printbuffer(398, 398, KSBuffer_Measure_CHa.timestamps)",1
27183288,"printbuffer(398, 398, KSBuffer_Source_CHb.readings)",1
27189240,"printbuffer(398, 398, KSBuffer_Measure_CHb.readings)",1
27195193,"printbuffer(398, 398, KSBuffer_Measure_CHb.timestamps)",1
27223188,"printbuffer(399, 399, KSBuffer_Source_CHa.readings)",1
27229140,"printbuffer(399, 399, KSBuffer_Measure_CHa.readings)",1
27235093,"printbuffer(399, 399, KSBuffer_Measure_CHa.timestamps)",1
27246558,"printbuffer(399, 399, KSBuffer_Source_CHb.readings)",1
27252510,"printbuffer(399, 399, KSBuffer_Measure_CHb.readings)",1
27258463,"printbuffer(399, 399, KSBuffer_Measure_CHb.timestamps)",1
27291968,"printbuffer(400, 400, KSBuffer_Source_CHa.readings)",1
27299033,"printbuffer(400, 400, KSBuffer_Measure_CHa.readings)",1
27304986,"printbuffer(400, 400, KSBuffer_Measure_CHa.timestamps)",1
27316451,"printbuffer(400, 400, KSBuffer_Source_CHb.readings)",1
27322403,"printbuffer(400, 400, KSBuffer_Measure_CHb.readings)",1
27328356,"printbuffer(400, 400, KSBuffer_Measure_CHb.timestamps)",1
27360748,"printbuffer(401, 401, KSBuffer_Source_CHb.readings)",1
27366700,"printbuffer(401, 401, KSBuffer_Measure_CHb.readings)",1
27372653,"printbuffer(401, 401, KSBuffer_Measure_CHb.timestamps)",1
27389628,"printbuffer(401, 401, KSBuffer_Source_CHa.readings)",1
27395580,"printbuffer(401, 401, KSBuffer_Measure_CHa.readings)",1
27401533,"printbuffer(401, 401, KSBuffer_Measure_CHa.timestamps)",1
27424018,"printbuffer(402, 402, KSBuffer_Source_CHa.readings)",1
27429970,"printbuffer(402, 402, KSBuffer_Measure_CHa.readings)",1
27435923,"printbuffer(402, 402, KSBuffer_Measure_CHa.timestamps)",1
27452898,"printbuffer(402, 402, KSBuffer_Source_CHb.readings)",1
27459963,"printbuffer(402, 402, KSBuffer_Measure_CHb.readings)",1
27465916,"printbuffer(402, 402, KSBuffer_Measure_CHb.timestamps)",1
27492798,"printbuffer(403, 403, KSBuffer_Source_CHa.readings)",1
27498750,"printbuffer(403, 403, KSBuffer_Measure_CHa.readings)",1
27504703,"printbuffer(403, 403, KSBuffer_Measure_CHa.timestamps)",1
27521678,"printbuffer(403, 403, KSBuffer_Source_CHb.readings)",1
27527630,"printbuffer(403, 403, KSBuffer_Measure_CHb.readings)",1
27534696,"printbuffer(403, 403, KSBuffer_Measure_CHb.timestamps)",1
27568201,"printbuffer(404, 404, KSBuffer_Source_CHa.readings)",1
27574153,"printbuffer(404, 404, KSBuffer_Measure_CHa.readings)",1
27580106,"printbuffer(404, 404, KSBuffer_Measure_CHa.timestamps)",1
27591571,"printbuffer(404, 404, KSBuffer_Source_CHb.readings)",1
27597523,"printbuffer(404, 404, KSBuffer_Measure_CHb.readings)",1
27603476,"printbuffer(404, 404, KSBuffer_Measure_CHb.timestamps)",1
27624848,"printbuffer(405, 405, KSBuffer_Source_CHb.readings)",1
27630800,"printbuffer(405, 405, KSBuffer_Measure_CHb.readings)",1
27637866,"printbuffer(405, 405, KSBuffer_Measure_CHb.timestamps)",1
27649331,"printbuffer(405, 405, KSBuffer_Source_CHa.readings)",1
27655283,"printbuffer(405, 405, KSBuffer_Measure_CHa.readings)",1
27661236,"printbuffer(405, 405, KSBuffer_Measure_CHa.timestamps)",1
27693628,"printbuffer(406, 406, KSBuffer_Source_CHa.readings)",1
27699580,"printbuffer(406, 406, KSBuffer_Measure_CHa.readings)",1
27705533,"printbuffer(406, 406, KSBuffer_Measure_CHa.timestamps)",1
27722508,"printbuffer(406, 406, KSBuffer_Source_CHb.readings)",1
27728460,"printbuffer(406, 406, KSBuffer_Measure_CHb.readings)",1
27734413,"printbuffer(406, 406, KSBuffer_Measure_CHb.timestamps)",1
27758011,"printbuffer(407, 407, KSBuffer_Source_CHb.readings)",1
27763963,"printbuffer(407, 407, KSBuffer_Measure_CHb.readings)",1
27769916,"printbuffer(407, 407, KSBuffer_Measure_CHb.timestamps)",1
27785778,"printbuffer(407, 407, KSBuffer_Source_CHa.readings)",1
27791730,"printbuffer(407, 407, KSBuffer_Measure_CHa.readings)",1
27797683,"printbuffer(407, 407, KSBuffer_Measure_CHa.timestamps)",1
27825678,"printbuffer(408, 408, KSBuffer_Source_CHb.readings)",1
27831630,"printbuffer(408, 408, KSBuffer_Measure_CHb.readings)",1
27837583,"printbuffer(408, 408, KSBuffer_Measure_CHb.timestamps)",1
27854558,"printbuffer(408, 408, KSBuffer_Source_CHa.readings)",1
27860510,"printbuffer(408, 408, KSBuffer_Measure_CHa.readings)",1
27866463,"printbuffer(408, 408, KSBuffer_Measure_CHa.timestamps)",1
27899968,"printbuffer(409, 409, KSBuffer_Source_CHa.readings)",1
27905920,"printbuffer(409, 409, KSBuffer_Measure_CHa.readings)",1
27911873,"printbuffer(409, 409, KSBuffer_Measure_CHa.timestamps)",1
27928848,"printbuffer(409, 409, KSBuffer_Source_CHb.readings)",1
27934800,"printbuffer(409, 409, KSBuffer_Measure_CHb.readings)",1
27940753,"printbuffer(409, 409, KSBuffer_Measure_CHb.timestamps)",1
27963238,"printbuffer(410, 410, KSBuffer_Source_CHb.readings)",1
27969190,"printbuffer(410, 410, KSBuffer_Measure_CHb.readings)",1
27975143,"printbuffer(410, 410, KSBuffer_Measure_CHb.timestamps)",1
27992118,"printbuffer(410, 410, KSBuffer_Source_CHa.readings)",1
27998070,"printbuffer(410, 410, KSBuffer_Measure_CHa.readings)",1
28004023,"printbuffer(410, 410, KSBuffer_Measure_CHa.timestamps)",1
28037528,"printbuffer(411, 411, KSBuffer_Source_CHa.readings)",1
28043480,"printbuffer(411, 411, KSBuffer_Measure_CHa.readings)",1
28049433,"printbuffer(411, 411, KSBuffer_Measure_CHa.timestamps)",1
28066408,"printbuffer(411, 411, KSBuffer_Source_CHb.readings)",1
28072360,"printbuffer(411, 411, KSBuffer_Measure_CHb.readings)",1
28078313,"printbuffer(411, 411, KSBuffer_Measure_CHb.timestamps)",1
28100798,"printbuffer(412, 412, KSBuffer_Source_CHb.readings)",1
28107863,"printbuffer(412, 412, KSBuffer_Measure_CHb.readings)",1
28113816,"printbuffer(412, 412, KSBuffer_Measure_CHb.timestamps)",1
28127479,"printbuffer(412, 412, KSBuffer_Source_CHa.readings)",1
28133431,"printbuffer(412, 412, KSBuffer_Measure_CHa.readings)",1
28139384,"printbuffer(412, 412, KSBuffer_Measure_CHa.timestamps)",1
28164068,"printbuffer(413, 413, KSBuffer_Source_CHb.readings)",1
28170020,"printbuffer(413, 413, KSBuffer_Measure_CHb.readings)",1
28175973,"printbuffer(413, 413, KSBuffer_Measure_CHb.timestamps)",1
28192948,"printbuffer(413, 413, KSBuffer_Source_CHa.readings)",1
28198900,"printbuffer(413, 413, KSBuffer_Measure_CHa.readings)",1
28204853,"printbuffer(413, 413, KSBuffer_Measure_CHa.timestamps)",1
28232848,"printbuffer(414, 414, KSBuffer_Source_CHb.readings)",1
28238800,"printbuffer(414, 414, KSBuffer_Measure_CHb.readings)",1
28244753,"printbuffer(414, 414, KSBuffer_Measure_CHb.timestamps)",1
28261728,"printbuffer(414, 414, KSBuffer_Source_CHa.readings)",1
28267680,"printbuffer(414, 414, KSBuffer_Measure_CHa.readings)",1
28273633,"printbuffer(414, 414, KSBuffer_Measure_CHa.timestamps)",1
28301628,"printbuffer(415, 415, KSBuffer_Source_CHb.readings)",1
28307580,"printbuffer(415, 415, KSBuffer_Measure_CHb.readings)",1
28313533,"printbuffer(415, 415, KSBuffer_Measure_CHb.timestamps)",1
28330508,"printbuffer(415, 415, KSBuffer_Source_CHa.readings)",1
28336460,"printbuffer(415, 415, KSBuffer_Measure_CHa.readings)",1
28342413,"printbuffer(415, 415, KSBuffer_Measure_CHa.timestamps)",1
28364898,"printbuffer(416, 416, KSBuffer_Source_CHa.readings)",1
28370850,"printbuffer(416, 416, KSBuffer_Measure_CHa.readings)",1
28376803,"printbuffer(416, 416, KSBuffer_Measure_CHa.timestamps)",1
28393778,"printbuffer(416, 416, KSBuffer_Source_CHb.readings)",1
28399730,"printbuffer(416, 416, KSBuffer_Measure_CHb.readings)",1
28405683,"printbuffer(416, 416, KSBuffer_Measure_CHb.timestamps)",1
28428168,"printbuffer(417, 417, KSBuffer_Source_CHa.readings)",1
28435233,"printbuffer(417, 417, KSBuffer_Measure_CHa.readings)",1
28441186,"printbuffer(417, 417, KSBuffer_Measure_CHa.timestamps)",1
28452651,"printbuffer(417, 417, KSBuffer_Source_CHb.readings)",1
28458603,"printbuffer(417, 417, KSBuffer_Measure_CHb.readings)",1
28464556,"printbuffer(417, 417, KSBuffer_Measure_CHb.timestamps)",1
28491438,"printbuffer(418, 418, KSBuffer_Source_CHb.readings)",1
28497390,"printbuffer(418, 418, KSBuffer_Measure_CHb.readings)",1
28503343,"printbuffer(418, 418, KSBuffer_Measure_CHb.timestamps)",1
28520318,"printbuffer(418, 418, KSBuffer_Source_CHa.readings)",1
28526270,"printbuffer(418, 418, KSBuffer_Measure_CHa.readings)",1
28532223,"printbuffer(418, 418, KSBuffer_Measure_CHa.timestamps)",1
28554708,"printbuffer(419, 419, KSBuffer_Source_CHa.readings)",1
28561773,"printbuffer(419, 419, KSBuffer_Measure_CHa.readings)",1
28567726,"printbuffer(419, 419, KSBuffer_Measure_CHa.timestamps)",1
28583588,"printbuffer(419, 419, KSBuffer_Source_CHb.readings)",1
28589540,"printbuffer(419, 419, KSBuffer_Measure_CHb.readings)",1
28596606,"printbuffer(419, 419, KSBuffer_Measure_CHb.timestamps)",1
28617978,"printbuffer(420, 420, KSBuffer_Source_CHa.readings)",1
28623930,"printbuffer(420, 420, KSBuffer_Measure_CHa.readings)",1
28629883,"printbuffer(420, 420, KSBuffer_Measure_CHa.timestamps)",1
28646858,"printbuffer(420, 420, KSBuffer_Source_CHb.readings)",1
28652810,"printbuffer(420, 420, KSBuffer_Measure_CHb.readings)",1
28658763,"printbuffer(420, 420, KSBuffer_Measure_CHb.timestamps)",1
28681248,"printbuffer(421, 421, KSBuffer_Source_CHb.readings)",1
28687200,"printbuffer(421, 421, KSBuffer_Measure_CHb.readings)",1
28693153,"printbuffer(421, 421, KSBuffer_Measure_CHb.timestamps)",1
28710128,"printbuffer(421, 421, KSBuffer_Source_CHa.readings)",1
28716080,"printbuffer(421, 421, KSBuffer_Measure_CHa.readings)",1
28722033,"printbuffer(421, 421, KSBuffer_Measure_CHa.timestamps)",1
28750028,"printbuffer(422, 422, KSBuffer_Source_CHb.readings)",1
28755980,"printbuffer(422, 422, KSBuffer_Measure_CHb.readings)",1
28761933,"printbuffer(422, 422, KSBuffer_Measure_CHb.timestamps)",1
28778908,"printbuffer(422, 422, KSBuffer_Source_CHa.readings)",1
28784860,"printbuffer(422, 422, KSBuffer_Measure_CHa.readings)",1
28790813,"printbuffer(422, 422, KSBuffer_Measure_CHa.timestamps)",1
28825431,"printbuffer(423, 423, KSBuffer_Source_CHa.readings)",1
28831383,"printbuffer(423, 423, KSBuffer_Measure_CHa.readings)",1
28837336,"printbuffer(423, 423, KSBuffer_Measure_CHa.timestamps)",1
28853198,"printbuffer(423, 423, KSBuffer_Source_CHb.readings)",1
28859150,"printbuffer(423, 423, KSBuffer_Measure_CHb.readings)",1
28865103,"printbuffer(423, 423, KSBuffer_Measure_CHb.timestamps)",1
28887588,"printbuffer(424, 424, KSBuffer_Source_CHb.readings)",1
28893540,"printbuffer(424, 424, KSBuffer_Measure_CHb.readings)",1
28899493,"printbuffer(424, 424, KSBuffer_Measure_CHb.timestamps)",1
28916468,"printbuffer(424, 424, KSBuffer_Source_CHa.readings)",1
28922420,"printbuffer(424, 424, KSBuffer_Measure_CHa.readings)",1
28928373,"printbuffer(424, 424, KSBuffer_Measure_CHa.timestamps)",1
28950858,"printbuffer(425, 425, KSBuffer_Source_CHa.readings)",1
28957923,"printbuffer(425, 425, KSBuffer_Measure_CHa.readings)",1
28963876,"printbuffer(425, 425, KSBuffer_Measure_CHa.timestamps)",1
28979738,"printbuffer(425, 425, KSBuffer_Source_CHb.readings)",1
28985690,"printbuffer(425, 425, KSBuffer_Measure_CHb.readings)",1
28991643,"printbuffer(425, 425, KSBuffer_Measure_CHb.timestamps)",1
29025148,"printbuffer(426, 426, KSBuffer_Source_CHb.readings)",1
29031100,"printbuffer(426, 426, KSBuffer_Measure_CHb.readings)",1
29038166,"printbuffer(426, 426, KSBuffer_Measure_CHb.timestamps)",1
29049631,"printbuffer(426, 426, KSBuffer_Source_CHa.readings)",1
29055583,"printbuffer(426, 426, KSBuffer_Measure_CHa.readings)",1
29061536,"printbuffer(426, 426, KSBuffer_Measure_CHa.timestamps)",1
29082908,"printbuffer(427, 427, KSBuffer_Source_CHa.readings)",1
29088860,"printbuffer(427, 427, KSBuffer_Measure_CHa.readings)",1
29094813,"printbuffer(427, 427, KSBuffer_Measure_CHa.timestamps)",1
29111788,"printbuffer(427, 427, KSBuffer_Source_CHb.readings)",1
29117740,"printbuffer(427, 427, KSBuffer_Measure_CHb.readings)",1
29123693,"printbuffer(427, 427, KSBuffer_Measure_CHb.timestamps)",1
29151688,"printbuffer(428, 428, KSBuffer_Source_CHa.readings)",1
29157640,"printbuffer(428, 428, KSBuffer_Measure_CHa.readings)",1
29163593,"printbuffer(428, 428, KSBuffer_Measure_CHa.timestamps)",1
29175058,"printbuffer(428, 428, KSBuffer_Source_CHb.readings)",1
29182123,"printbuffer(428, 428, KSBuffer_Measure_CHb.readings)",1
29188076,"printbuffer(428, 428, KSBuffer_Measure_CHb.timestamps)",1
29220468,"printbuffer(429, 429, KSBuffer_Source_CHa.readings)",1
29226420,"printbuffer(429, 429, KSBuffer_Measure_CHa.readings)",1
29232373,"printbuffer(429, 429, KSBuffer_Measure_CHa.timestamps)",1
29249348,"printbuffer(429, 429, KSBuffer_Source_CHb.readings)",1
29255300,"printbuffer(429, 429, KSBuffer_Measure_CHb.readings)",1
29261253,"printbuffer(429, 429, KSBuffer_Measure_CHb.timestamps)",1
29283738,"printbuffer(430, 430, KSBuffer_Source_CHb.readings)",1
29289690,"printbuffer(430, 430, KSBuffer_Measure_CHb.readings)",1
29295643,"printbuffer(430, 430, KSBuffer_Measure_CHb.timestamps)",1
29312618,"printbuffer(430, 430, KSBuffer_Source_CHa.readings)",1
29318570,"printbuffer(430, 430, KSBuffer_Measure_CHa.readings)",1
29325636,"printbuffer(430, 430, KSBuffer_Measure_CHa.timestamps)",1
29341498,"printbuffer(431, 431, KSBuffer_Source_CHa.readings)",1
29348563,"printbuffer(431, 431, KSBuffer_Measure_CHa.readings)",1
29358913,"printbuffer(431, 431, KSBuffer_Source_CHb.readings)",1
29364865,"printbuffer(431, 431, KSBuffer_Measure_CHb.readings)",1
29370818,"printbuffer(431, 431, KSBuffer_Measure_CHb.timestamps)",1
29382283,"printbuffer(431, 431, KSBuffer_Measure_CHa.timestamps)",1
29410278,"printbuffer(432, 432, KSBuffer_Source_CHb.readings)",1
29416230,"printbuffer(432, 432, KSBuffer_Measure_CHb.readings)",1
29422183,"printbuffer(432, 432, KSBuffer_Measure_CHb.timestamps)",1
29439158,"printbuffer(432, 432, KSBuffer_Source_CHa.readings)",1
29445110,"printbuffer(432, 432, KSBuffer_Measure_CHa.readings)",1
29451063,"printbuffer(432, 432, KSBuffer_Measure_CHa.timestamps)",1
29479058,"printbuffer(433, 433, KSBuffer_Source_CHb.readings)",1
29485010,"printbuffer(433, 433, KSBuffer_Measure_CHb.readings)",1
29490963,"printbuffer(433, 433, KSBuffer_Measure_CHb.timestamps)",1
29502428,"printbuffer(433, 433, KSBuffer_Source_CHa.readings)",1
29508380,"printbuffer(433, 433, KSBuffer_Measure_CHa.readings)",1
29514333,"printbuffer(433, 433, KSBuffer_Measure_CHa.timestamps)",1
29547838,"printbuffer(434, 434, KSBuffer_Source_CHa.readings)",1
29553790,"printbuffer(434, 434, KSBuffer_Measure_CHa.readings)",1
29559743,"printbuffer(434, 434, KSBuffer_Measure_CHa.timestamps)",1
29576718,"printbuffer(434, 434, KSBuffer_Source_CHb.readings)",1
29582670,"printbuffer(434, 434, KSBuffer_Measure_CHb.readings)",1
29588623,"printbuffer(434, 434, KSBuffer_Measure_CHb.timestamps)",1
29622128,"printbuffer(435, 435, KSBuffer_Source_CHb.readings)",1
29629193,"printbuffer(435, 435, KSBuffer_Measure_CHb.readings)",1
29635146,"printbuffer(435, 435, KSBuffer_Measure_CHb.timestamps)",1
29646611,"printbuffer(435, 435, KSBuffer_Source_CHa.readings)",1
29652563,"printbuffer(435, 435, KSBuffer_Measure_CHa.readings)",1
29658516,"printbuffer(435, 435, KSBuffer_Measure_CHa.timestamps)",1
29685398,"printbuffer(436, 436, KSBuffer_Source_CHb.readings)",1
29691350,"printbuffer(436, 436, KSBuffer_Measure_CHb.readings)",1
29697303,"printbuffer(436, 436, KSBuffer_Measure_CHb.timestamps)",1
29708768,"printbuffer(436, 436, KSBuffer_Source_CHa.readings)",1
29714720,"printbuffer(436, 436, KSBuffer_Measure_CHa.readings)",1
29720673,"printbuffer(436, 436, KSBuffer_Measure_CHa.timestamps)",1
29754178,"printbuffer(437, 437, KSBuffer_Source_CHa.readings)",1
29760130,"printbuffer(437, 437, KSBuffer_Measure_CHa.readings)",1
29766083,"printbuffer(437, 437, KSBuffer_Measure_CHa.timestamps)",1
29783058,"printbuffer(437, 437, KSBuffer_Source_CHb.readings)",1
29789010,"printbuffer(437, 437, KSBuffer_Measure_CHb.readings)",1
29794963,"printbuffer(437, 437, KSBuffer_Measure_CHb.timestamps)",1
29817448,"printbuffer(438, 438, KSBuffer_Source_CHb.readings)",1
29823400,"printbuffer(438, 438, KSBuffer_Measure_CHb.readings)",1
29829353,"printbuffer(438, 438, KSBuffer_Measure_CHb.timestamps)",1
29846328,"printbuffer(438, 438, KSBuffer_Source_CHa.readings)",1
29852280,"printbuffer(438, 438, KSBuffer_Measure_CHa.readings)",1
29859346,"printbuffer(438, 438, KSBuffer_Measure_CHa.timestamps)",1
29892851,"printbuffer(439, 439, KSBuffer_Source_CHb.readings)",1
29898803,"printbuffer(439, 439, KSBuffer_Measure_CHb.readings)",1
29904756,"printbuffer(439, 439, KSBuffer_Measure_CHb.timestamps)",1
29920618,"printbuffer(439, 439, KSBuffer_Source_CHa.readings)",1
29926570,"printbuffer(439, 439, KSBuffer_Measure_CHa.readings)",1
29932523,"printbuffer(439, 439, KSBuffer_Measure_CHa.timestamps)",1
29955008,"printbuffer(440, 440, KSBuffer_Source_CHb.readings)",1
29960960,"printbuffer(440, 440, KSBuffer_Measure_CHb.readings)",1
29966913,"printbuffer(440, 440, KSBuffer_Measure_CHb.timestamps)",1
29983888,"printbuffer(440, 440, KSBuffer_Source_CHa.readings)",1
29989840,"printbuffer(440, 440, KSBuffer_Measure_CHa.readings)",1
29995793,"printbuffer(440, 440, KSBuffer_Measure_CHa.timestamps)",1
